clase,imagen,objeto_id,caract_1_circularidad,caract_2_color_R,caract_3_color_G
watermelon,watermelon_013.jpg,1,0.44816223331916016,139.0643531737316,124.95299802328135
watermelon,watermelon_013.jpg,2,0.13883697970939463,101.14653440482171,114.99910805521398
watermelon,watermelon_013.jpg,3,0.2015348048320995,68.7377245508982,59.364071856287424
watermelon,watermelon_111.jpg,1,0.39410640477065256,157.78449240607515,128.6564348521183
watermelon,watermelon_111.jpg,2,0.11225985547562889,168.23252496433668,140.84450784593437
watermelon,watermelon_111.jpg,3,0.0546663147090987,129.9171963753179,126.853541403611
watermelon,watermelon_111.jpg,4,0.13432375594788865,128.12225705329152,156.57993730407523
watermelon,watermelon_111.jpg,5,0.08875312639393486,126.62169141381536,131.24402840542285
watermelon,watermelon_111.jpg,6,0.4345763922694197,150.0939576083518,133.38658652325213
watermelon,watermelon_111.jpg,7,0.47565289948110157,161.52800597460794,136.54070201643017
watermelon,watermelon_032.jpg,1,0.48090088660985564,156.64108988412153,138.64954588161604
watermelon,watermelon_032.jpg,2,0.17695683679827648,113.95802084631038,130.5153731157344
watermelon,watermelon_130.jpg,1,0.13049648679411927,120.14946783896345,109.91994447015271
watermelon,watermelon_130.jpg,2,0.08050222062264697,118.05037513397643,113.26371431355355
watermelon,watermelon_130.jpg,3,0.3054403967523036,113.46771378708551,129.47469458987783
watermelon,watermelon_130.jpg,4,0.08271453508666164,114.91993957703927,139.59264853977845
watermelon,watermelon_130.jpg,5,0.1875507385067384,197.98982188295167,73.84351145038168
watermelon,watermelon_130.jpg,6,0.08817079942706257,66.48843537414966,90.24897959183673
watermelon,watermelon_130.jpg,7,0.46069974904864397,144.12301313061505,127.62404975812025
watermelon,watermelon_139.jpg,1,0.35515137710785116,151.19630740097838,134.2427015938141
watermelon,watermelon_139.jpg,2,0.07582650417563147,137.92410622014717,122.94965613506572
watermelon,watermelon_139.jpg,3,0.08246850424416069,120.8792225821379,134.84960666358168
watermelon,watermelon_139.jpg,4,0.17274653111230123,141.9704918032787,142.62786885245902
watermelon,watermelon_139.jpg,5,0.4693910832895258,152.8077810748434,136.10253874052094
watermelon,watermelon_031.jpg,1,0.4481821037900548,144.6511403790556,126.68808223578543
watermelon,watermelon_031.jpg,2,0.09946354630813657,99.8003980079668,109.34331675520517
watermelon,watermelon_082.jpg,1,0.19088897897171514,161.1718073353955,148.59917145382235
watermelon,watermelon_082.jpg,2,0.10113177707202874,137.2958380202475,152.49156355455568
watermelon,watermelon_082.jpg,3,0.09134524028652267,145.9091470038674,135.80444096814844
watermelon,watermelon_082.jpg,4,0.0381541672861244,136.20650863800722,151.63358778625954
watermelon,watermelon_082.jpg,5,0.060907899730388876,139.40216830149717,152.76716572018586
watermelon,watermelon_082.jpg,6,0.19081676361683253,152.87345180398492,148.53850296176628
watermelon,watermelon_082.jpg,7,0.21987646531256128,145.51190476190476,138.22153209109732
watermelon,watermelon_082.jpg,8,0.16806871574850596,135.5123674911661,156.54240282685512
watermelon,watermelon_082.jpg,9,0.05006458239247763,160.96469793074763,146.1535821981907
watermelon,watermelon_082.jpg,10,0.15863375962764314,138.6158301158301,153.85714285714286
watermelon,watermelon_122.jpg,1,0.3882816832386027,141.38066095471237,125.82864137086904
watermelon,watermelon_122.jpg,2,0.4975680663031759,152.33408323959506,127.48818897637797
watermelon,watermelon_122.jpg,3,0.07298171028659621,103.21357987365339,109.97842241777127
watermelon,watermelon_122.jpg,4,0.1685059330426475,117.91961414790997,135.19774919614147
watermelon,watermelon_122.jpg,5,0.5302910992761735,150.87360594795538,125.76765799256505
watermelon,watermelon_122.jpg,6,0.3781468188126742,142.30218579234972,126.16994535519126
watermelon,watermelon_135.jpg,1,0.34315739867547773,131.58488271068634,119.07593397046047
watermelon,watermelon_135.jpg,2,0.048291123906103676,161.20666666666668,139.04777777777778
watermelon,watermelon_135.jpg,3,0.03029486707635004,136.109535950536,130.64177818620414
watermelon,watermelon_135.jpg,4,0.656538714234503,118.21036585365854,93.04268292682927
watermelon,watermelon_135.jpg,5,0.21852074574060248,128.30333333333334,149.19333333333336
watermelon,watermelon_135.jpg,6,0.43311835525011344,151.84927234927235,135.8905058905059
watermelon,watermelon_003.jpg,1,0.41339071017342693,132.65818010372465,118.92102781706743
watermelon,watermelon_003.jpg,2,0.1474119771567073,89.05649539320258,101.61386531330045
watermelon,watermelon_178.jpg,1,0.04041238432805359,41.009146767211284,31.073313782991203
watermelon,watermelon_178.jpg,2,0.06438555383936441,75.14277887795414,80.18517476050222
watermelon,watermelon_178.jpg,3,0.084484688110199,102.60414452709882,110.87513283740701
watermelon,watermelon_178.jpg,4,0.3329221806887869,89.73709293089753,115.41699761715647
watermelon,watermelon_178.jpg,5,0.2489348299050488,118.74228028503563,95.44180522565321
watermelon,watermelon_178.jpg,6,0.21068015088599398,85.0895618556701,106.4729381443299
watermelon,watermelon_163.jpg,1,0.4419859278477143,134.49153194765202,120.27482678983833
watermelon,watermelon_163.jpg,2,0.025137689538148978,94.27734908824868,105.87710337782808
watermelon,watermelon_163.jpg,3,0.09936700326025721,111.93883225208526,135.93883225208526
watermelon,watermelon_163.jpg,4,0.14027846762709775,110.29047619047618,132.5857142857143
watermelon,watermelon_163.jpg,5,0.13020451336886335,103.19127368884972,127.17584839136184
watermelon,watermelon_163.jpg,6,0.08369034965934756,100.42036708111307,108.546477205447
watermelon,watermelon_163.jpg,7,0.14339187874709902,105.40432612312813,121.4009983361065
watermelon,watermelon_163.jpg,8,0.34318964752322095,135.81373905025356,119.21484555094513
watermelon,watermelon_163.jpg,9,0.30519157228059896,140.6995215311005,124.55119617224881
watermelon,watermelon_066.jpg,1,0.46990628444182575,141.0,122.30673076923077
watermelon,watermelon_066.jpg,2,0.2095887761275236,99.91972628689618,111.9336555003576
watermelon,watermelon_108.jpg,1,0.38223023695547653,160.49654396399293,131.85179231634785
watermelon,watermelon_108.jpg,2,0.09270439775970096,128.35020422660273,124.80906292547209
watermelon,watermelon_108.jpg,3,0.35489790717092945,155.21008403361344,135.8274078862314
watermelon,watermelon_108.jpg,4,0.5461924137423738,162.59001512859305,140.47957639939486
watermelon,watermelon_036.jpg,1,0.39010925126005713,147.2767331433998,129.12364672364671
watermelon,watermelon_036.jpg,2,0.13965590742225203,116.22037825625436,124.6161017054161
watermelon,watermelon_141.jpg,1,0.09519157361924083,91.23658109300702,86.43965278783968
watermelon,watermelon_141.jpg,2,0.07036402312536669,95.21463061323033,106.12928536938676
watermelon,watermelon_141.jpg,3,0.16436290124731168,101.75165876777251,114.29004739336493
watermelon,watermelon_046.jpg,1,0.4540069209314476,149.53448742223424,132.07925344874224
watermelon,watermelon_046.jpg,2,0.26528149638050114,98.83901515151516,67.225
watermelon,watermelon_046.jpg,3,0.1572144620859655,110.33355946559588,126.14315348629286
watermelon,watermelon_116.jpg,1,0.43303576766705926,152.76657281801894,122.68057332992065
watermelon,watermelon_116.jpg,2,0.054599425011338125,122.39692747067392,114.55572912673465
watermelon,watermelon_116.jpg,3,0.03543744287014519,121.37584158415842,139.9449504950495
watermelon,watermelon_116.jpg,4,0.08309574030246723,119.74102079395085,145.01512287334594
watermelon,watermelon_116.jpg,5,0.42992134537518883,155.78665496049166,129.22388059701493
watermelon,watermelon_116.jpg,6,0.4702041931871915,145.31930466605672,128.82250686184813
watermelon,watermelon_045.jpg,1,0.44265612919708514,144.1985419198056,126.47023086269745
watermelon,watermelon_045.jpg,2,0.2610980293633868,93.36685755189691,65.96850393700787
watermelon,watermelon_045.jpg,3,0.046319233734081304,109.37354179484396,119.03886938583476
watermelon,watermelon_048.jpg,1,0.38732554912181305,139.63680682510665,122.41356896201503
watermelon,watermelon_048.jpg,2,0.2498779819859034,96.52723782097432,64.67386609071275
watermelon,watermelon_048.jpg,3,0.036167068911502336,113.01360157219695,119.07393807750655
watermelon,watermelon_048.jpg,4,0.21778982231968194,129.9773095623987,150.9837925445705
watermelon,watermelon_133.jpg,1,0.1524482047106689,132.54264790350373,115.808874210224
watermelon,watermelon_133.jpg,2,0.08375553250170621,132.60485702165886,122.64528021758659
watermelon,watermelon_133.jpg,3,0.6989627191493901,142.47993019197207,128.28621291448516
watermelon,watermelon_133.jpg,4,0.15734508492038693,205.38012422360248,84.50683229813664
watermelon,watermelon_133.jpg,5,0.46082384545028576,153.80007748934523,138.2406044168927
watermelon,watermelon_086.jpg,1,0.4414225199668497,135.8114722753346,122.92772466539196
watermelon,watermelon_086.jpg,2,0.03763444846826962,116.67621741835865,115.76387384480653
watermelon,watermelon_086.jpg,3,0.11070448227295533,108.6555360281195,130.45518453427064
watermelon,watermelon_086.jpg,4,0.07462372628321112,100.52657807308971,118.13820598006645
watermelon,watermelon_086.jpg,5,0.26776827356198823,102.9969666329626,121.47724974721942
watermelon,watermelon_086.jpg,6,0.12149705001492733,104.81196120689656,123.13469827586206
watermelon,watermelon_086.jpg,7,0.40132046007501715,138.88894184938036,123.4184938036225
watermelon,watermelon_086.jpg,8,0.5302763760011965,146.14192495921696,129.0799347471452
watermelon,watermelon_129.jpg,1,0.1152790685375636,106.54879950109135,101.22887433738696
watermelon,watermelon_129.jpg,2,0.26750652751407117,144.88861940298509,121.49085820895523
watermelon,watermelon_129.jpg,3,0.04035324890716551,115.46435959257528,107.95444469639824
watermelon,watermelon_129.jpg,4,0.18265552890352282,110.85189309576838,127.35300668151447
watermelon,watermelon_129.jpg,5,0.4447866106518412,105.70625000000001,93.246875
watermelon,watermelon_129.jpg,6,0.4732885555141574,138.89646464646466,124.25252525252526
watermelon,watermelon_012.jpg,1,0.34705958646229745,146.4855305466238,131.6266711795566
watermelon,watermelon_012.jpg,2,0.10635381649278883,113.31426770922299,126.15440170479516
watermelon,watermelon_012.jpg,3,0.17044422275679286,105.45274861025325,75.426189005559
watermelon,watermelon_157.jpg,1,0.3979783285962493,133.90042951971887,119.27723545490043
watermelon,watermelon_157.jpg,2,0.05897556102919761,94.48948395411966,103.94964826508644
watermelon,watermelon_157.jpg,3,0.068982111381702,108.01300390117035,132.16905071521458
watermelon,watermelon_157.jpg,4,0.29746909312135106,116.5267175572519,132.04198473282443
watermelon,watermelon_157.jpg,5,0.3701810924918434,135.09847365829643,117.94190054160512
watermelon,watermelon_123.jpg,1,0.23909642762648287,132.25564681724848,115.52772073921972
watermelon,watermelon_123.jpg,2,0.08923911142177915,126.30456364851571,117.56454592560885
watermelon,watermelon_123.jpg,3,0.26297999400088123,117.75661375661375,142.02248677248676
watermelon,watermelon_123.jpg,4,0.06369690529920803,125.39069616135329,145.44014313597918
watermelon,watermelon_123.jpg,5,0.23780199069610727,127.67158671586715,146.13468634686348
watermelon,watermelon_123.jpg,6,0.12113925112841795,126.81150159744408,152.19009584664536
watermelon,watermelon_123.jpg,7,0.2017122141626405,123.38840937114674,143.69913686806413
watermelon,watermelon_123.jpg,8,0.11817331577998055,131.1497844827586,145.37715517241378
watermelon,watermelon_123.jpg,9,0.43217956034644583,145.71073985680192,129.88496420047733
watermelon,watermelon_071.jpg,1,0.4740660802764227,125.76309226932668,115.74064837905236
watermelon,watermelon_071.jpg,2,0.06875835846864514,90.55629513176477,93.86645527458765
watermelon,watermelon_071.jpg,3,0.3938683583028804,130.51129607609988,116.45897740784778
watermelon,watermelon_071.jpg,4,0.48346798692966936,127.48104265402844,113.96445497630333
watermelon,watermelon_117.jpg,1,0.31959706231727103,153.04352741661955,139.51237987563596
watermelon,watermelon_117.jpg,2,0.10437607759185515,150.58406830199317,134.73397473994504
watermelon,watermelon_117.jpg,3,0.09640406053415759,143.28940568475454,164.78294573643413
watermelon,watermelon_117.jpg,4,0.1950772421425231,186.00766283524902,141.07662835249042
watermelon,watermelon_117.jpg,5,0.1173412364296028,182.8874113475177,132.8164893617021
watermelon,watermelon_117.jpg,6,0.07666643586120939,182.27007299270073,135.44890510948906
watermelon,watermelon_117.jpg,7,0.2204628074616963,178.55295566502463,139.9014778325123
watermelon,watermelon_117.jpg,8,0.08072990156990173,158.8285137861466,165.87626092804302
watermelon,watermelon_117.jpg,9,0.342763496955712,154.40003131360578,140.57945827462032
watermelon,watermelon_134.jpg,1,0.18539529633928767,91.64188911704312,79.4993839835729
watermelon,watermelon_134.jpg,2,0.47951576423748704,139.6435469710272,117.33713784021072
watermelon,watermelon_134.jpg,3,0.08363189838254204,89.10132168653232,96.25003312211324
watermelon,watermelon_134.jpg,4,0.398088668890362,143.67192636423405,120.5397764628534
watermelon,watermelon_158.jpg,1,0.4250274659333752,137.76192855358482,122.71671246565077
watermelon,watermelon_158.jpg,2,0.07429296927527357,101.64242722219137,108.74445492970031
watermelon,watermelon_158.jpg,3,0.373288917776213,138.95426740460238,121.980774832508
watermelon,watermelon_114.jpg,1,0.43112909752683787,146.20867208672087,116.97391598915989
watermelon,watermelon_114.jpg,2,0.09715622017637576,122.73216885007278,129.8355167394469
watermelon,watermelon_114.jpg,3,0.051599626613995316,105.60018119783332,102.21830483644003
watermelon,watermelon_114.jpg,4,0.44382243141659006,139.19468186134853,121.62773029439697
watermelon,watermelon_114.jpg,5,0.5265465445463448,148.54182509505702,123.05703422053232
watermelon,watermelon_061.jpg,1,0.46489663333401493,135.44211611130197,120.99828237718997
watermelon,watermelon_061.jpg,2,0.31673751299857533,113.51302931596092,87.1628664495114
watermelon,watermelon_061.jpg,3,0.05646405732596009,104.513002376043,112.383242057481
watermelon,watermelon_079.jpg,1,0.43530132283484096,129.6147416413374,117.55091185410335
watermelon,watermelon_079.jpg,2,0.13860007710274153,95.92931436094794,97.8189588819121
watermelon,watermelon_079.jpg,3,0.42333510334245367,135.46200241254522,119.8443908323281
watermelon,watermelon_079.jpg,4,0.4316133956262894,132.01986754966887,116.46546830652791
watermelon,watermelon_079.jpg,5,0.5004012600173735,136.35024549918168,118.47954173486089
watermelon,watermelon_072.jpg,1,0.4469851944146373,129.8420755781162,118.12126339537508
watermelon,watermelon_072.jpg,2,0.08212490348953642,99.40297191674996,103.70876124693265
watermelon,watermelon_072.jpg,3,0.3049890776979347,131.92233676975945,117.3278350515464
watermelon,watermelon_081.jpg,1,0.42337750343224756,140.7413594470046,128.40092165898616
watermelon,watermelon_081.jpg,2,0.07580666263619469,124.17033322866787,121.46150109898737
watermelon,watermelon_081.jpg,3,0.4259572693969047,148.66096096096095,132.84714714714715
watermelon,watermelon_081.jpg,4,0.32868013961307774,143.82539273757405,128.97604944630442
watermelon,watermelon_081.jpg,5,0.46213738691840184,149.20141342756182,132.29976442873968
watermelon,watermelon_001.jpg,1,0.4627198877387993,138.99342868187088,125.82141476613837
watermelon,watermelon_001.jpg,2,0.28933762441151695,89.50049837290796,106.59703685181132
watermelon,watermelon_001.jpg,3,0.21529244471063058,61.97601668404588,53.61105318039625
watermelon,watermelon_010.jpg,1,0.47560558067476266,132.0186125211506,118.38868745467731
watermelon,watermelon_010.jpg,2,0.11552923176211635,91.56700315609416,105.96301346760788
watermelon,watermelon_010.jpg,3,0.18732853527451204,90.0521327014218,64.27014218009478
watermelon,watermelon_188.jpg,1,0.4127501232395911,160.00932111231938,134.5794624825229
watermelon,watermelon_188.jpg,2,0.22152299080824833,137.13555992141454,153.20235756385068
watermelon,watermelon_188.jpg,3,0.12280514545885243,132.88063602222564,120.20485417169964
watermelon,watermelon_188.jpg,4,0.1570214136485742,133.31976744186045,158.734496124031
watermelon,watermelon_188.jpg,5,0.6895740966935402,159.8375321336761,136.00668380462724
watermelon,watermelon_188.jpg,6,0.42047613406103734,181.1032412965186,134.14645858343337
watermelon,watermelon_188.jpg,7,0.4616087439104027,155.28547854785478,136.8915605846299
watermelon,watermelon_188.jpg,8,0.24591594479650264,171.66473988439307,146.9383429672447
watermelon,watermelon_053.jpg,1,0.4678746864538544,101.27047963517396,111.44534551318793
watermelon,watermelon_053.jpg,2,0.48612914512277533,141.63496932515338,128.20935582822085
watermelon,watermelon_165.jpg,1,0.38753772928770713,137.75158010442428,123.27782357790602
watermelon,watermelon_165.jpg,2,0.05720121670606408,99.64328900461464,103.84455411125577
watermelon,watermelon_165.jpg,3,0.36216304448523323,140.46457006369428,122.81369426751593
watermelon,watermelon_057.jpg,1,0.5078337761336685,146.42309167625623,129.71116225546604
watermelon,watermelon_057.jpg,2,0.07225506060237545,108.5865212442955,120.898292078015
watermelon,watermelon_162.jpg,1,0.4243587641286075,120.73481973434535,104.75426944971537
watermelon,watermelon_162.jpg,2,0.03403190910842498,90.00121546289799,89.8046751122922
watermelon,watermelon_162.jpg,3,0.10844682829953432,105.30563002680965,116.67917783735479
watermelon,watermelon_162.jpg,4,0.25033825979218743,93.10610610610611,111.48448448448448
watermelon,watermelon_162.jpg,5,0.0654664435229139,101.58074074074074,119.45629629629629
watermelon,watermelon_162.jpg,6,0.3809376097696521,119.77727519449972,100.07327664193957
watermelon,watermelon_043.jpg,1,0.41984110586902124,140.32029017366455,122.32908331501429
watermelon,watermelon_043.jpg,2,0.04542544820821026,111.91415244493314,115.01194977079535
watermelon,watermelon_043.jpg,3,0.2615107144833093,113.38751625487646,79.23309492847855
watermelon,watermelon_015.jpg,1,0.23962909543901958,109.79588411603687,121.06267108100253
watermelon,watermelon_015.jpg,2,0.17940486595567892,85.87349397590361,75.46221248630887
watermelon,watermelon_015.jpg,3,0.09693299815259357,143.5642760487145,99.17456021650881
watermelon,watermelon_037.jpg,1,0.4434694614809486,151.85216834009827,134.67229224524675
watermelon,watermelon_037.jpg,2,0.25116943066353337,121.96481732070366,94.13667117726658
watermelon,watermelon_037.jpg,3,0.12252953199039751,119.60259276368974,129.85106663806897
watermelon,watermelon_074.jpg,1,0.04383933972383127,87.28797234170483,92.97068821978633
watermelon,watermelon_074.jpg,2,0.2371892104928123,90.06285714285715,110.15771428571429
watermelon,watermelon_074.jpg,3,0.17441849172139182,97.32798395185557,124.03410230692076
watermelon,watermelon_074.jpg,4,0.4205688599921591,123.38033395176252,109.66604823747682
watermelon,watermelon_068.jpg,1,0.11296505692299523,182.5022371364653,210.12192393736018
watermelon,watermelon_068.jpg,2,0.09667232267529517,184.04168066647713,183.441110335737
watermelon,watermelon_059.jpg,1,0.4808510602330675,151.5740373163954,134.7737197300516
watermelon,watermelon_059.jpg,2,0.12299011166315174,109.21516264259942,118.99840794389694
watermelon,watermelon_029.jpg,1,0.38543407532436313,147.57885714285715,128.30380952380952
watermelon,watermelon_029.jpg,2,0.24371916275228236,117.91796336863976,127.56858781815308
watermelon,watermelon_029.jpg,3,0.3790464388572857,148.1013024602026,130.26772793053544
watermelon,watermelon_035.jpg,1,0.4397478251601546,142.40289683712683,124.76825302985517
watermelon,watermelon_035.jpg,2,0.13900631003982725,100.17387937233786,113.70349694835248
watermelon,watermelon_035.jpg,3,0.45213240234163454,110.81784841075795,138.16136919315403
watermelon,watermelon_038.jpg,1,0.4818780978342601,146.71810766721043,128.22414355628058
watermelon,watermelon_038.jpg,2,0.26518369532893704,108.80344827586207,75.34540229885057
watermelon,watermelon_038.jpg,3,0.17211750279530355,102.88033524382824,115.33416317120809
watermelon,watermelon_077.jpg,1,0.4764053183574155,120.98664440734558,111.20200333889817
watermelon,watermelon_077.jpg,2,0.10222729447788272,81.94512317114884,88.88812303561862
watermelon,watermelon_077.jpg,3,0.1034701181458681,65.50585175552666,72.02990897269181
watermelon,watermelon_077.jpg,4,0.32532361371125146,167.2736842105263,61.55263157894737
watermelon,watermelon_077.jpg,5,0.1700058082069857,93.62980209545984,115.32751261156383
watermelon,watermelon_126.jpg,1,0.11381423552066801,141.36075970569883,130.68152619523204
watermelon,watermelon_126.jpg,2,0.40825885505969833,158.31802803286612,143.53697438376028
watermelon,watermelon_180.jpg,1,0.15267851326567264,52.5697705802969,46.77597840755735
watermelon,watermelon_180.jpg,2,0.06369055289404173,89.41679188580015,85.3209992486852
watermelon,watermelon_180.jpg,3,0.19917723861384495,119.38644067796609,110.06949152542373
watermelon,watermelon_180.jpg,4,0.05054362645482653,101.93405540414234,99.66978612775783
watermelon,watermelon_180.jpg,5,0.25557821913874323,97.71089630931458,116.48330404217926
watermelon,watermelon_180.jpg,6,0.05685276543884018,106.11026936026937,132.07631874298542
watermelon,watermelon_180.jpg,7,0.47389648215761637,135.63806380638064,120.8052805280528
watermelon,watermelon_023.jpg,1,0.1724247707636944,156.88711099911805,141.90806769980261
watermelon,watermelon_023.jpg,2,0.16529419359802883,115.4288380774615,86.30471301913207
watermelon,watermelon_023.jpg,3,0.0742531973511873,129.36995621458738,131.75565076000154
watermelon,watermelon_042.jpg,1,0.48183788269887656,146.27670987930264,128.272239606616
watermelon,watermelon_042.jpg,2,0.2665231925143472,127.53361858190709,90.36124694376528
watermelon,watermelon_042.jpg,3,0.0612322999705496,101.78949587423959,115.0908721315425
watermelon,watermelon_019.jpg,1,0.47598988157327826,126.39776075427224,112.00117855038303
watermelon,watermelon_019.jpg,2,0.208781880433552,85.3213079456219,99.83192075487631
watermelon,watermelon_019.jpg,3,0.1934955449130857,90.29379686434902,63.906612133606004
watermelon,watermelon_159.jpg,1,0.4198919390428012,134.93150169363946,119.5265336846067
watermelon,watermelon_159.jpg,2,0.02532177950934846,104.23499870864063,100.78323815536488
watermelon,watermelon_159.jpg,3,0.08164487354129245,113.65904365904366,126.37560637560638
watermelon,watermelon_159.jpg,4,0.1303729132196268,112.14043824701196,129.37649402390437
watermelon,watermelon_159.jpg,5,0.25202033007601793,112.48284625158831,131.1118170266836
watermelon,watermelon_159.jpg,6,0.10929796777737251,117.67338709677419,132.10195852534562
watermelon,watermelon_159.jpg,7,0.37261055900433654,136.0642156862745,118.5578431372549
watermelon,watermelon_027.jpg,1,0.4513274317099721,140.34015037593986,122.50646616541353
watermelon,watermelon_027.jpg,2,0.36690304113816324,94.09895363342002,108.67984301183715
watermelon,watermelon_169.jpg,1,0.39013795096872145,152.27181272973496,135.98974656606694
watermelon,watermelon_169.jpg,2,0.06219248452540828,132.9558676152951,136.32425787255764
watermelon,watermelon_169.jpg,3,0.31455073981859794,116.35505193578848,149.1180358829084
watermelon,watermelon_169.jpg,4,0.6089461885684122,143.27503736920778,165.36173393124065
watermelon,watermelon_169.jpg,5,0.09318050026068447,120.32190713617949,144.06045497039577
watermelon,watermelon_169.jpg,6,0.1642284030383138,113.13783783783785,140.90083160083162
watermelon,watermelon_169.jpg,7,0.23995064114664735,153.02872272143773,134.6025353016688
watermelon,watermelon_169.jpg,8,0.5120750479899294,162.40870786516854,141.14747191011236
watermelon,watermelon_085.jpg,1,0.46293950206244994,130.5331851381391,117.59066370276278
watermelon,watermelon_085.jpg,2,0.03507951896968998,97.19696495919032,106.44612419672885
watermelon,watermelon_085.jpg,3,0.4140418611181619,140.2287234042553,122.54964539007092
watermelon,watermelon_085.jpg,4,0.1275541931341101,186.58609271523179,68.07615894039735
watermelon,watermelon_085.jpg,5,0.09282117742591604,63.19763513513514,78.87837837837839
watermelon,watermelon_085.jpg,6,0.2516192422155863,111.65970149253731,132.43880597014925
watermelon,watermelon_085.jpg,7,0.407807129198815,133.20409134157944,118.48049476688868
watermelon,watermelon_049.jpg,1,0.445047204561639,146.97026022304834,129.60022876751503
watermelon,watermelon_049.jpg,2,0.03227533737767091,122.79471191125717,128.03404593831232
watermelon,watermelon_049.jpg,3,0.18704329883245635,125.48789346246974,146.57929782082326
watermelon,watermelon_120.jpg,1,0.3930821000704048,139.93700787401573,125.04845548152635
watermelon,watermelon_120.jpg,2,0.4965417049044222,148.49180327868854,127.40163934426229
watermelon,watermelon_120.jpg,3,0.0429228197291114,100.45512085367585,107.40563255676791
watermelon,watermelon_120.jpg,4,0.4637500377947427,141.0017777777778,124.67022222222222
watermelon,watermelon_051.jpg,1,0.5031132448546535,146.336568457539,129.11230502599653
watermelon,watermelon_051.jpg,2,0.051779784279919604,115.39763615381752,122.39874176376428
watermelon,watermelon_051.jpg,3,0.6227715305641461,128.97386666666668,123.424
watermelon,watermelon_051.jpg,4,0.08779352539886996,126.53098827470687,143.714126186488
watermelon,watermelon_168.jpg,1,0.3419721401985657,161.8220383735258,145.6982925541278
watermelon,watermelon_168.jpg,2,0.09524393632738964,149.82897202270513,135.76463159248303
watermelon,watermelon_168.jpg,3,0.23094737891860143,149.39260312944523,170.00711237553344
watermelon,watermelon_168.jpg,4,0.12089132143120312,149.19271445358402,170.77908343125733
watermelon,watermelon_168.jpg,5,0.25263256035356735,162.9932727884292,145.15220316178943
watermelon,watermelon_168.jpg,6,0.22936454575191495,173.63011641006383,149.68419076229816
watermelon,watermelon_171.jpg,1,0.39790073068902976,146.79489016236866,130.62893982808023
watermelon,watermelon_171.jpg,2,0.08077356256417731,128.05845771144277,142.2226368159204
watermelon,watermelon_171.jpg,3,0.022839038994832774,117.11055230367192,127.65467109016757
watermelon,watermelon_171.jpg,4,0.10173686467656537,129.3080895008606,144.0
watermelon,watermelon_171.jpg,5,0.3926534535420948,146.94844179651696,129.34395050412465
watermelon,watermelon_171.jpg,6,0.4698396381274874,155.57080291970803,136.11094890510947
watermelon,watermelon_153.jpg,1,0.43962051245592576,137.51693121693123,122.70476190476191
watermelon,watermelon_153.jpg,2,0.04516254726198813,96.72508208487096,106.30914773016259
watermelon,watermelon_153.jpg,3,0.4151237751476861,138.20833333333331,121.6845238095238
watermelon,watermelon_115.jpg,1,0.41590853137649364,154.3387391039935,124.76606527468073
watermelon,watermelon_115.jpg,2,0.06968159127329547,119.68435205177434,111.77949194159437
watermelon,watermelon_115.jpg,3,0.4143669685628979,147.74689966178127,129.56426155580607
watermelon,watermelon_115.jpg,4,0.3786172729191012,155.7592768791627,132.1931493815414
watermelon,watermelon_099.jpg,1,0.43589295160794966,130.4658493870403,117.00875656742556
watermelon,watermelon_099.jpg,2,0.03495176172655547,101.71599810952917,104.81649435812608
watermelon,watermelon_099.jpg,3,0.0713771188512416,109.58653311074012,135.91374513077352
watermelon,watermelon_099.jpg,4,0.13866713672955827,126.33646812957159,138.79728317659354
watermelon,watermelon_099.jpg,5,0.36893719700757543,112.29328165374677,131.81007751937986
watermelon,watermelon_099.jpg,6,0.42257819649339357,131.7814569536424,117.60844370860927
watermelon,watermelon_107.jpg,1,0.44706998095559314,155.5617785378367,126.26913210773834
watermelon,watermelon_107.jpg,2,0.07741098472699812,122.47061979784972,120.45808433435951
watermelon,watermelon_107.jpg,3,0.22567223010549822,117.36682615629984,139.73923444976077
watermelon,watermelon_107.jpg,4,0.25967644285955727,129.10934744268076,150.7848324514991
watermelon,watermelon_107.jpg,5,0.43327771003008003,148.36317780580075,130.796973518285
watermelon,watermelon_107.jpg,6,0.5239623802385136,160.07554671968188,134.8210735586481
watermelon,watermelon_002.jpg,1,0.47275558460415273,141.5389193049274,127.91240180909307
watermelon,watermelon_002.jpg,2,0.2886033313600151,100.49284475533118,118.4278894249153
watermelon,watermelon_002.jpg,3,0.20815184885059818,75.45962732919254,63.81987577639751
watermelon,watermelon_146.jpg,1,0.4465065659443797,125.65210843373495,111.17545180722892
watermelon,watermelon_146.jpg,2,0.06081635613809895,84.72331546214883,87.92324254771607
watermelon,watermelon_146.jpg,3,0.2521416517031439,98.05742574257425,111.82574257425743
watermelon,watermelon_146.jpg,4,0.2173847001005441,99.24253731343283,120.6231343283582
watermelon,watermelon_146.jpg,5,0.07242993124862879,105.08,121.10454545454546
watermelon,watermelon_146.jpg,6,0.4907937779967925,126.31554524361948,110.02784222737819
watermelon,watermelon_161.jpg,1,0.03320211548625357,111.80826708851981,105.91717224091866
watermelon,watermelon_161.jpg,2,0.16332107683268857,106.8477537437604,127.08735440931781
watermelon,watermelon_161.jpg,3,0.07101226480252915,105.51118326118326,125.70707070707071
watermelon,watermelon_161.jpg,4,0.29852365106010453,109.20517928286853,126.05577689243027
watermelon,watermelon_064.jpg,1,0.4623000796025598,139.21060842433698,121.24136394027191
watermelon,watermelon_064.jpg,2,0.42148020935391145,101.37333980724361,116.08593686218735
watermelon,watermelon_064.jpg,3,0.5531587683250362,144.20172910662822,131.1729106628242
watermelon,watermelon_127.jpg,1,0.23059140428685337,113.50028985507247,103.92463768115942
watermelon,watermelon_127.jpg,2,0.454955134993242,143.58381984987489,121.01251042535446
watermelon,watermelon_127.jpg,3,0.07837397959925876,97.83794390962555,103.06362953154637
watermelon,watermelon_127.jpg,4,0.33128711236203473,114.27156549520767,138.4888178913738
watermelon,watermelon_127.jpg,5,0.270132980710911,112.79611650485437,139.28155339805824
watermelon,watermelon_127.jpg,6,0.4738478821480055,137.18236714975845,120.53381642512076
watermelon,watermelon_176.jpg,1,0.041592969714461296,105.42248370622292,108.25182274190429
watermelon,watermelon_176.jpg,2,0.4244216136422357,143.08209745762713,123.70338983050847
watermelon,watermelon_092.jpg,1,0.28839861452007504,147.89317345687422,136.0528682381796
watermelon,watermelon_092.jpg,2,0.1178335695053894,139.08698156682027,158.42108294930875
watermelon,watermelon_092.jpg,3,0.04316684957039496,143.73468732241247,141.93617967533913
watermelon,watermelon_092.jpg,4,0.08711629339465163,127.94049586776859,155.95206611570248
watermelon,watermelon_092.jpg,5,0.09091589245098292,123.16398985629755,153.45477599323752
watermelon,watermelon_092.jpg,6,0.12421945045657148,127.0030241935484,146.3934811827957
watermelon,watermelon_092.jpg,7,0.123441680116828,130.64369400413509,154.17160578911097
watermelon,watermelon_092.jpg,8,0.07692987219942375,132.35215736040607,154.90006345177665
watermelon,watermelon_092.jpg,9,0.43490326254445333,126.43189755529686,145.22351571594876
watermelon,watermelon_092.jpg,10,0.2890052219786978,150.42887828162293,135.09677804295944
watermelon,watermelon_092.jpg,11,0.38230544738507094,157.01794258373207,141.01435406698565
watermelon,watermelon_022.jpg,1,0.4497349117480018,153.09840425531914,136.72127659574468
watermelon,watermelon_022.jpg,2,0.19011433244585943,117.53343581860108,85.88700999231361
watermelon,watermelon_022.jpg,3,0.04739323043273277,118.45146839621322,129.4081418164235
watermelon,watermelon_173.jpg,1,0.03777945577478081,135.0237200325071,108.49075579032913
watermelon,watermelon_173.jpg,2,0.05863580059452244,120.45195414582828,122.99538703024938
watermelon,watermelon_173.jpg,3,0.41283114627753587,144.0231548480463,127.76483357452966
watermelon,watermelon_150.jpg,1,0.41407933901140676,135.9439707673569,120.43692361231948
watermelon,watermelon_150.jpg,2,0.05497113674440596,116.09539202316617,112.97257437244306
watermelon,watermelon_150.jpg,3,0.38379701432450575,137.82289416846652,119.9745620350372
watermelon,watermelon_106.jpg,1,0.41057482867343753,155.8272917062061,127.50009489466692
watermelon,watermelon_106.jpg,2,0.22825315281044392,119.59098786828422,140.51299826689774
watermelon,watermelon_106.jpg,3,0.03475620403262296,131.15996970894244,130.8139997365995
watermelon,watermelon_106.jpg,4,0.08365341418844278,127.29171668667466,150.69267707082832
watermelon,watermelon_106.jpg,5,0.16006596865063075,125.50257731958763,152.00644329896906
watermelon,watermelon_106.jpg,6,0.3276349464116388,149.22244159262914,131.26456071076012
watermelon,watermelon_106.jpg,7,0.4242719890997758,157.61999999999998,135.2670588235294
watermelon,watermelon_160.jpg,1,0.3662642727458894,133.0,118.9300469483568
watermelon,watermelon_160.jpg,2,0.04485071252732498,91.45783146073731,99.47925718171957
watermelon,watermelon_160.jpg,3,0.1805882502964142,101.40873015873015,128.06547619047618
watermelon,watermelon_160.jpg,4,0.10928404964745295,109.71388888888889,134.25972222222222
watermelon,watermelon_160.jpg,5,0.049678391052330816,106.79409417398244,130.06065442936952
watermelon,watermelon_160.jpg,6,0.4021294167285968,134.12433392539964,117.17821195973949
watermelon,watermelon_166.jpg,1,0.4180187422516739,128.94354215003867,114.17169373549885
watermelon,watermelon_166.jpg,2,0.03884477079850702,82.57942327107521,95.96559818273599
watermelon,watermelon_166.jpg,3,0.05177560183733353,102.02185792349727,128.4678961748634
watermelon,watermelon_166.jpg,4,0.2251904166582989,98.42070773263434,126.478374836173
watermelon,watermelon_166.jpg,5,0.4448226310663824,129.27176015473887,112.79497098646034
watermelon,watermelon_166.jpg,6,0.10626649718577247,105.38963210702342,118.376254180602
watermelon,watermelon_191.jpg,1,0.45320194225606847,155.57359601449275,131.23867753623188
watermelon,watermelon_191.jpg,2,0.3921388889292776,161.2570730714431,132.2599226541828
watermelon,watermelon_191.jpg,3,0.054992165943611525,142.72370995958826,128.2717867466414
watermelon,watermelon_191.jpg,4,0.1161210962578313,128.7903014416776,149.58977719528178
watermelon,watermelon_191.jpg,5,0.4308471112982832,150.43728082007013,133.2759643916914
watermelon,watermelon_191.jpg,6,0.09618131989280063,123.75757575757576,150.5785123966942
watermelon,watermelon_088.jpg,1,0.347699875831637,144.64980364980366,130.91545391545392
watermelon,watermelon_088.jpg,2,0.046910969642291175,130.71648920690038,125.4577391525418
watermelon,watermelon_088.jpg,3,0.38788485904404624,147.10223848471804,131.72277227722773
watermelon,watermelon_088.jpg,4,0.3369855027195527,155.67441120305537,135.64481222151494
watermelon,watermelon_174.jpg,1,0.05593321901204813,147.78137955053572,131.04329866793495
watermelon,watermelon_174.jpg,2,0.2860340437227805,155.55095447870778,138.787812041116
watermelon,watermelon_174.jpg,3,0.13730527502367454,140.73101265822785,165.62594936708862
watermelon,watermelon_174.jpg,4,0.08872510017633296,147.6329386437029,144.29063509149623
watermelon,watermelon_156.jpg,1,0.4384090952717256,130.39502560351136,115.9151426481346
watermelon,watermelon_156.jpg,2,0.04573472211094831,85.07192231270814,97.49966697450536
watermelon,watermelon_156.jpg,3,0.5145861720868397,134.8908934707904,117.43470790378007
watermelon,watermelon_156.jpg,4,0.18967972006094264,105.48714479025712,124.32476319350475
watermelon,watermelon_156.jpg,5,0.14789095742343913,103.78639455782312,126.90340136054421
watermelon,watermelon_156.jpg,6,0.2641914776803425,115.23055934515689,136.72442019099591
watermelon,watermelon_156.jpg,7,0.4621323003461191,131.5290763968073,114.96009122006842
watermelon,watermelon_136.jpg,1,0.07690359279846705,135.28785702346377,121.74721067257265
watermelon,watermelon_136.jpg,2,0.14093857769604423,138.2902033271719,149.0018484288355
watermelon,watermelon_136.jpg,3,0.08327009638788016,128.68871252204585,152.73280423280423
watermelon,watermelon_136.jpg,4,0.09181233919275751,125.24714285714286,154.0742857142857
watermelon,watermelon_136.jpg,5,0.10399780703124173,131.21251002405774,157.55573376102646
watermelon,watermelon_136.jpg,6,0.4352758513033486,153.7703081232493,137.1998132586368
watermelon,watermelon_026.jpg,1,0.4808734489209314,150.33990895295904,131.69104704097117
watermelon,watermelon_026.jpg,2,0.13226165194932923,111.04879351282072,122.12621490835298
watermelon,watermelon_155.jpg,1,0.46719463591941146,139.47158570119157,123.83043079743355
watermelon,watermelon_155.jpg,2,0.04104939977453407,98.7393292309801,105.57331610149163
watermelon,watermelon_155.jpg,3,0.20519731583054152,105.75358422939068,136.5636200716846
watermelon,watermelon_155.jpg,4,0.1008995117871132,113.94605475040258,142.12882447665055
watermelon,watermelon_155.jpg,5,0.4062783343171516,141.11829944547137,122.31916204559458
watermelon,watermelon_182.jpg,1,0.42757777774999395,139.00688073394497,123.45871559633028
watermelon,watermelon_182.jpg,2,0.03643509017454302,105.7653768803797,105.45755369640415
watermelon,watermelon_182.jpg,3,0.2218252482213008,123.16173570019724,139.96055226824458
watermelon,watermelon_182.jpg,4,0.07545074238500804,104.23543928923988,124.49136229022704
watermelon,watermelon_182.jpg,5,0.40916604253404876,137.8829090909091,123.25599999999999
watermelon,watermelon_182.jpg,6,0.11373181654790815,124.25037707390649,125.8552036199095
watermelon,watermelon_089.jpg,1,0.3147421300630732,141.2540014550746,130.9497089850855
watermelon,watermelon_089.jpg,2,0.07368704316117376,125.3809040678942,119.28666863183295
watermelon,watermelon_089.jpg,3,0.07937759483455979,128.05561497326204,149.45133689839574
watermelon,watermelon_089.jpg,4,0.37829307592899064,148.07533994854833,129.92539507533996
watermelon,watermelon_089.jpg,5,0.3556053596529684,152.97567424643046,133.3728186144897
watermelon,watermelon_151.jpg,1,0.4770644155918998,123.10828625235405,108.89924670433145
watermelon,watermelon_151.jpg,2,0.04309235400040986,80.54619078423568,85.81149233678345
watermelon,watermelon_151.jpg,3,0.1938912289270681,91.73831775700934,106.89030988686669
watermelon,watermelon_151.jpg,4,0.07822855206702845,96.78769733260752,113.18236254763202
watermelon,watermelon_151.jpg,5,0.3847771139099651,124.04851752021564,106.98517520215634
watermelon,watermelon_102.jpg,1,0.16218946593864994,183.5569220864849,169.9550547994626
watermelon,watermelon_102.jpg,2,0.2111005010381611,187.58439716312057,199.14326241134754
watermelon,watermelon_102.jpg,3,0.07820626799365367,193.58518068630428,199.2714849681142
watermelon,watermelon_102.jpg,4,0.2796300140161841,221.08774834437085,175.15397350993376
watermelon,watermelon_187.jpg,1,0.47935423612463784,145.6261013215859,121.18612334801763
watermelon,watermelon_187.jpg,2,0.4760529760475596,151.83021010789324,122.07211811470755
watermelon,watermelon_187.jpg,3,0.03409137037078445,98.15039141843894,103.5983486863053
watermelon,watermelon_187.jpg,4,0.3607719304894029,166.09720885466797,73.97882579403273
watermelon,watermelon_187.jpg,5,0.10428494900382913,74.16117216117216,84.58363858363859
watermelon,watermelon_187.jpg,6,0.2961246751510179,148.53782668500688,126.05456212746446
watermelon,watermelon_187.jpg,7,0.46320160443765623,139.5379061371841,122.32851985559566
watermelon,watermelon_186.jpg,1,0.41195038270992357,157.27147503348002,132.39200306102927
watermelon,watermelon_186.jpg,2,0.08388446427483029,167.5637980226926,137.73525313516024
watermelon,watermelon_186.jpg,3,0.09559154070781403,142.552173220704,126.51023294256814
watermelon,watermelon_186.jpg,4,0.23077014477038715,122.22318526543879,127.02383531960996
watermelon,watermelon_186.jpg,5,0.4641530550890706,152.08118864420268,135.1971345184399
watermelon,watermelon_170.jpg,1,0.029187153804545646,177.7298440373336,165.5550301724065
watermelon,watermelon_170.jpg,2,0.2895317001279531,173.07174887892376,176.04280472890338
watermelon,watermelon_170.jpg,3,0.11310308635490265,158.0055865921788,183.99581005586592
watermelon,watermelon_170.jpg,4,0.06339119499304019,157.59725792630678,182.22793487574978
watermelon,watermelon_170.jpg,5,0.08740233841174258,156.48135116115412,183.4152005629838
watermelon,watermelon_041.jpg,1,0.48184519677966553,145.91919725376286,128.64087668339056
watermelon,watermelon_041.jpg,2,0.251960801211456,103.7210918114144,71.66947890818858
watermelon,watermelon_041.jpg,3,0.12126604400892674,111.64854811306184,119.06485867270762
watermelon,watermelon_124.jpg,1,0.25745057923437076,142.13412034759799,127.2188883423512
watermelon,watermelon_124.jpg,2,0.07105240853394883,134.5386157014764,125.13274804731293
watermelon,watermelon_124.jpg,3,0.07693276911796833,122.74960794563512,146.77025614218505
watermelon,watermelon_124.jpg,4,0.4143105692740819,152.55144927536233,137.44021739130434
watermelon,watermelon_175.jpg,1,0.03393212869995311,99.26828602620087,77.1980076419214
watermelon,watermelon_175.jpg,2,0.42738610132813054,148.82089552238807,118.69119917653114
watermelon,watermelon_175.jpg,3,0.03355079357714456,105.30304753188283,105.51314834588308
watermelon,watermelon_175.jpg,4,0.06035021858008782,159.16880733944956,89.51009174311928
watermelon,watermelon_175.jpg,5,0.4754250211553279,135.97752808988764,119.57735522904062
watermelon,watermelon_175.jpg,6,0.4154665312196485,145.7110694183865,122.52251407129457
watermelon,watermelon_033.jpg,1,0.4653111738180245,151.25332920408795,133.16754413131
watermelon,watermelon_033.jpg,2,0.3063977133235825,118.35892514395393,84.75431861804222
watermelon,watermelon_033.jpg,3,0.12028536956919149,113.52468007312615,128.06090363019064
watermelon,watermelon_008.jpg,1,0.46071033231883174,136.95313115399765,122.10437179992122
watermelon,watermelon_008.jpg,2,0.42324679602541493,93.23998080621692,109.36937889386073
watermelon,watermelon_008.jpg,3,0.21026266488833817,119.42881646655232,99.99828473413379
watermelon,watermelon_078.jpg,1,0.08253107192494952,80.2185768415198,84.08353321514235
watermelon,watermelon_078.jpg,2,0.09202097849935453,88.47067557535263,111.78693392724573
watermelon,watermelon_006.jpg,1,0.4650330562098685,128.87323016134343,114.54099440237076
watermelon,watermelon_006.jpg,2,0.27918574467328044,82.07813259595453,95.93164856277248
watermelon,watermelon_075.jpg,1,0.4190155250552416,127.21435499515034,116.9835111542192
watermelon,watermelon_075.jpg,2,0.12127702752543326,97.50586494834512,96.68713672912295
watermelon,watermelon_075.jpg,3,0.4292516433546914,132.25729442970822,117.9416445623342
watermelon,watermelon_075.jpg,4,0.44146606646414943,128.4768472906404,114.8975369458128
watermelon,watermelon_011.jpg,1,0.2745444540252379,110.40377027912638,122.54640292099667
watermelon,watermelon_011.jpg,2,0.17670640426316622,123.35184029943855,103.07610729881472
watermelon,watermelon_125.jpg,1,0.15812120283743045,98.21538461538462,82.17615384615385
watermelon,watermelon_125.jpg,2,0.43725141910462956,136.86919104991395,116.76936316695354
watermelon,watermelon_125.jpg,3,0.04090405407769504,95.89043487717348,93.81914353725878
watermelon,watermelon_125.jpg,4,0.1708796493861407,100.71848739495798,118.1953781512605
watermelon,watermelon_125.jpg,5,0.14839640372386073,99.63720215219062,118.51652574942352
watermelon,watermelon_125.jpg,6,0.2591469847767304,101.92837078651685,119.78230337078651
watermelon,watermelon_125.jpg,7,0.2550929432498633,92.33212341197822,110.33938294010889
watermelon,watermelon_125.jpg,8,0.10263478518788838,99.46153846153847,119.39377289377289
watermelon,watermelon_125.jpg,9,0.40769806941477016,104.96463654223967,122.16110019646365
watermelon,watermelon_018.jpg,1,0.42684185322310586,148.9497763318422,133.1750711671411
watermelon,watermelon_018.jpg,2,0.22844280363929165,110.50463069637557,124.19122213930264
watermelon,watermelon_018.jpg,3,0.18280142768289653,71.23373807458803,60.81179531656548
watermelon,watermelon_109.jpg,1,0.499447967435865,143.45576707726764,116.27939529675253
watermelon,watermelon_109.jpg,2,0.4528248688964316,147.32395644283122,120.94646098003629
watermelon,watermelon_109.jpg,3,0.0340610103843768,100.27567536390706,103.79477732997844
watermelon,watermelon_109.jpg,4,0.11308163315405392,116.63239875389408,129.58255451713396
watermelon,watermelon_109.jpg,5,0.09420566798063594,73.3080054274084,85.75576662143826
watermelon,watermelon_109.jpg,6,0.13086729853923293,191.59237536656892,70.90029325513197
watermelon,watermelon_109.jpg,7,0.08077065126741799,122.72237960339945,146.56373937677054
watermelon,watermelon_109.jpg,8,0.4624078827867564,137.0923276983095,120.70221066319897
watermelon,watermelon_025.jpg,1,0.13012065442629936,103.73309747890742,113.17099901196119
watermelon,watermelon_025.jpg,2,0.1798311271121747,99.1236273467942,72.43606092809068
watermelon,watermelon_094.jpg,1,0.4311800509298299,133.30419977298524,121.2652289065456
watermelon,watermelon_094.jpg,2,0.24759291243801146,104.61843790012804,122.37644046094749
watermelon,watermelon_094.jpg,3,0.09212000357609597,103.99709712726639,113.73710759664345
watermelon,watermelon_094.jpg,4,0.4432974828330428,141.6658506731946,125.22643818849448
watermelon,watermelon_094.jpg,5,0.06419623307689569,105.86807896003852,127.48483389504092
watermelon,watermelon_094.jpg,6,0.06454983920179598,112.54051647373107,131.85752448797862
watermelon,watermelon_094.jpg,7,0.2508415120497258,112.11210317460316,132.3343253968254
watermelon,watermelon_094.jpg,8,0.10675645019805463,106.90529247910864,127.2966573816156
watermelon,watermelon_094.jpg,9,0.24074404936003532,109.04657933042213,132.55312954876274
watermelon,watermelon_094.jpg,10,0.16951821162299158,119.52741774675971,132.23130608175472
watermelon,watermelon_094.jpg,11,0.24072990972193223,102.7590027700831,126.54293628808864
watermelon,watermelon_094.jpg,12,0.07202053138927018,117.08376068376069,136.0222222222222
watermelon,watermelon_094.jpg,13,0.11618932009694871,125.72522080471049,113.59077526987241
watermelon,watermelon_094.jpg,14,0.12019284066836612,118.01315789473684,132.82846003898635
watermelon,watermelon_094.jpg,15,0.4088727928603133,136.1604938271605,121.130658436214
watermelon,watermelon_152.jpg,1,0.37335166838161205,152.77769784172662,137.17294964028775
watermelon,watermelon_152.jpg,2,0.03180766905942049,136.80439976261368,137.10058991513947
watermelon,watermelon_152.jpg,3,0.34454732890331197,154.34097320169252,136.53191114245416
watermelon,watermelon_091.jpg,1,0.4458585536477025,133.75387544193634,125.74898014685884
watermelon,watermelon_091.jpg,2,0.03187939750860487,110.33564439956406,114.02421077909203
watermelon,watermelon_091.jpg,3,0.16003411970164644,112.80970873786407,136.0893203883495
watermelon,watermelon_091.jpg,4,0.13565060442942437,130.95188679245283,144.77924528301887
watermelon,watermelon_091.jpg,5,0.3668542356419326,139.61934412619345,125.00871731008718
watermelon,watermelon_112.jpg,1,0.4341730876314869,142.49552906110284,113.68628912071534
watermelon,watermelon_112.jpg,2,0.03768169922661166,91.04246329461117,93.74414629719264
watermelon,watermelon_112.jpg,3,0.1493637138961217,184.41343283582088,67.9179104477612
watermelon,watermelon_112.jpg,4,0.0948066344880829,68.95169082125604,83.03059581320451
watermelon,watermelon_112.jpg,5,0.19696775408455555,100.90813953488372,123.88255813953488
watermelon,watermelon_069.jpg,1,0.06636200108140033,185.84006177996233,189.19223670662288
watermelon,watermelon_148.jpg,1,0.3850263283789148,131.19245647969052,115.66682785299807
watermelon,watermelon_148.jpg,2,0.4363412048035972,141.2667597765363,121.13268156424581
watermelon,watermelon_148.jpg,3,0.0706693378090716,106.1643861208818,112.50610078208547
watermelon,watermelon_148.jpg,4,0.25211450940853136,113.17049808429118,133.52298850574712
watermelon,watermelon_148.jpg,5,0.2197573703353076,110.16149068322981,117.35403726708076
watermelon,watermelon_148.jpg,6,0.3729719713765446,131.70518630412892,114.654833836858
watermelon,watermelon_148.jpg,7,0.13529941183153987,118.41186161449752,127.9176276771005
watermelon,watermelon_056.jpg,1,0.4358365460355407,142.40717082217185,125.84628065114362
watermelon,watermelon_056.jpg,2,0.5314420112640543,147.80549682875264,133.51162790697674
watermelon,watermelon_056.jpg,3,0.08534271250057918,113.53600710374427,120.5344045328654
watermelon,watermelon_056.jpg,4,0.2890701845509011,144.19705340699815,149.48066298342542
watermelon,watermelon_113.jpg,1,0.41030339531678545,152.24205378973105,122.46343631918204
watermelon,watermelon_113.jpg,2,0.3042230820641192,162.01169590643275,119.25536062378167
watermelon,watermelon_113.jpg,3,0.11912563385074036,121.32128173081068,109.246743955523
watermelon,watermelon_113.jpg,4,0.08720765026475372,127.26614173228346,153.90866141732283
watermelon,watermelon_113.jpg,5,0.4422045444005183,144.89579524680073,127.55941499085924
watermelon,watermelon_004.jpg,1,0.48780869325597986,126.09375,112.21296296296296
watermelon,watermelon_004.jpg,2,0.2675574776095581,78.93447207181534,92.10651627956683
watermelon,watermelon_121.jpg,1,0.44662227878149124,141.4058947368421,124.90357894736843
watermelon,watermelon_121.jpg,2,0.47358743676625004,148.80373185901865,127.79751209398755
watermelon,watermelon_121.jpg,3,0.059885061559377874,115.9448300776714,115.30137881798397
watermelon,watermelon_121.jpg,4,0.43527412928742476,141.69987546699875,126.36301369863014
watermelon,watermelon_024.jpg,1,0.48138124599287674,147.52147766323026,131.20933562428408
watermelon,watermelon_024.jpg,2,0.17944006963760478,115.02906635349383,77.90369935408103
watermelon,watermelon_024.jpg,3,0.17795659854226945,108.28753429235634,119.2189422345946
watermelon,watermelon_149.jpg,1,0.4117893932361891,122.58909786420146,108.1459993624482
watermelon,watermelon_149.jpg,2,0.026243623820201144,95.5549159589076,96.26935106545288
watermelon,watermelon_149.jpg,3,0.05636632004244582,105.24039408866994,116.59901477832511
watermelon,watermelon_149.jpg,4,0.3927590217194684,122.81118881118881,107.47452547452548
watermelon,watermelon_149.jpg,5,0.23935383186891254,115.67985611510792,127.11151079136691
watermelon,watermelon_184.jpg,1,0.4243206231087518,146.5728862973761,130.00874635568513
watermelon,watermelon_184.jpg,2,0.06293937191650363,123.98357554142846,115.21922260846011
watermelon,watermelon_184.jpg,3,0.0885570459277815,61.83181225554107,91.5671447196871
watermelon,watermelon_184.jpg,4,0.4054806762686053,146.1978672985782,130.34992101105846
watermelon,watermelon_054.jpg,1,0.09982101986844963,113.47720262163543,129.52868281112995
watermelon,watermelon_054.jpg,2,0.4956774409580665,156.77449168207025,142.8872458410351
watermelon,watermelon_062.jpg,1,0.442102452522815,144.41784820683904,127.85460105643592
watermelon,watermelon_062.jpg,2,0.1528020950210653,105.1301609343616,119.54778967653716
watermelon,watermelon_062.jpg,3,0.5372092165498406,149.19540229885058,134.13464696223318
watermelon,watermelon_090.jpg,1,0.20618483371124793,147.46771152922042,138.48733966658043
watermelon,watermelon_090.jpg,2,0.04705676513847667,118.41915625565815,142.07296759007784
watermelon,watermelon_090.jpg,3,0.09126373661263847,133.3876714446795,125.1916786399822
watermelon,watermelon_090.jpg,4,0.6967259895219635,135.9737335834897,98.84427767354596
watermelon,watermelon_090.jpg,5,0.3886238498972943,149.69460563077584,134.5645819901139
watermelon,watermelon_090.jpg,6,0.39308534881622864,157.99484358886215,138.3021656926779
watermelon,watermelon_154.jpg,1,0.4997998652578885,140.06509121061362,124.83167495854063
watermelon,watermelon_154.jpg,2,0.1406638107908543,103.37387307188061,105.76450911523666
watermelon,watermelon_154.jpg,3,0.21133632657743928,116.93893129770991,127.60114503816793
watermelon,watermelon_154.jpg,4,0.23018883736621984,180.29073941134243,108.79612347451544
watermelon,watermelon_154.jpg,5,0.3033905385718159,179.15085536547434,111.48367029548989
watermelon,watermelon_154.jpg,6,0.11418811715921799,177.73059936908518,115.27381703470033
watermelon,watermelon_154.jpg,7,0.4354508996244378,140.24974721941356,123.4964610717897
watermelon,watermelon_017.jpg,1,0.4252751832937693,132.9210155148096,118.50380818053596
watermelon,watermelon_017.jpg,2,0.1259744888961205,91.99973107809863,105.47027949331405
watermelon,watermelon_017.jpg,3,0.19404415621662785,55.59837398373984,47.46937669376694
watermelon,watermelon_131.jpg,1,0.25801053961131964,102.5589970501475,89.53392330383481
watermelon,watermelon_131.jpg,2,0.43612826303779473,145.61092150170649,121.15486348122867
watermelon,watermelon_131.jpg,3,0.05925276012762415,104.74212433788682,103.75299186456142
watermelon,watermelon_131.jpg,4,0.14528323806708648,116.63677332131591,125.30509238395673
watermelon,watermelon_131.jpg,5,0.13971232464167058,116.66402116402116,131.82275132275132
watermelon,watermelon_131.jpg,6,0.29598489354673874,127.00834492350486,125.19749652294854
watermelon,watermelon_131.jpg,7,0.08266690617245631,103.04440215667618,119.55534411671424
watermelon,watermelon_131.jpg,8,0.08621720438751673,110.01934703748488,133.26239419588876
watermelon,watermelon_131.jpg,9,0.4932221586362228,137.9423076923077,122.39957264957266
watermelon,watermelon_145.jpg,1,0.46058074439118685,121.22950819672131,107.5860655737705
watermelon,watermelon_145.jpg,2,0.12165673592327785,75.50476023482959,82.51441708229427
watermelon,watermelon_145.jpg,3,0.0405118573590662,89.41095073362759,114.64535369199571
watermelon,watermelon_145.jpg,4,0.08793702938003027,55.352064220183486,70.10550458715596
watermelon,watermelon_145.jpg,5,0.0423803057267043,95.07931103544963,121.44722611656319
watermelon,watermelon_145.jpg,6,0.48346508035473357,121.52252252252252,106.15186615186614
watermelon,watermelon_181.jpg,1,0.36255529242477685,156.84697197197198,140.56231231231232
watermelon,watermelon_181.jpg,2,0.08280839056816698,136.2513883899388,129.39318084110224
watermelon,watermelon_181.jpg,3,0.39976621644989513,157.95103289977047,151.2486610558531
watermelon,watermelon_181.jpg,4,0.3844524356598268,157.30278721957853,139.99687287559485
watermelon,watermelon_181.jpg,5,0.2818786716381205,173.43705035971223,150.2859712230216
watermelon,watermelon_172.jpg,1,0.34729796172949046,154.21006564551422,137.73665207877463
watermelon,watermelon_172.jpg,2,0.09399940958707718,134.58916256157633,157.3182266009852
watermelon,watermelon_172.jpg,3,0.083631025577155,142.6616392141298,127.86603067502057
watermelon,watermelon_172.jpg,4,0.11456869160106606,140.9715719063545,156.185618729097
watermelon,watermelon_172.jpg,5,0.23936989629583952,155.97678916827854,161.52417794970987
watermelon,watermelon_172.jpg,6,0.3485753907094534,154.30170777988616,137.40037950664137
watermelon,watermelon_028.jpg,1,0.4435781022444197,155.00875273522976,135.22465353756382
watermelon,watermelon_028.jpg,2,0.1784619403622578,109.77278348870301,124.91739697062383
watermelon,watermelon_058.jpg,1,0.5076440093685869,153.9415692821369,137.1502504173623
watermelon,watermelon_058.jpg,2,0.030690794566963733,115.18315424963079,126.8096212931371
watermelon,watermelon_189.jpg,1,0.4299434424862491,150.00619408121128,125.5406056434962
watermelon,watermelon_189.jpg,2,0.5908951702528144,157.58240155566358,127.89936801166748
watermelon,watermelon_189.jpg,3,0.34055666409383895,132.40025925899832,116.29869736443501
watermelon,watermelon_189.jpg,4,0.44850417179097046,145.34113712374582,126.73620401337793
watermelon,watermelon_087.jpg,1,0.2586586680002221,144.18011201729388,131.27807801906258
watermelon,watermelon_087.jpg,2,0.0464620273462212,135.3281645668553,129.59952871479038
watermelon,watermelon_087.jpg,3,0.18216996011889658,124.79632721202003,152.50751252086812
watermelon,watermelon_087.jpg,4,0.33690605970694537,127.94259988745077,125.91333708497469
watermelon,watermelon_087.jpg,5,0.3167622426457423,146.399125,131.45250000000001
watermelon,watermelon_087.jpg,6,0.34753078081712785,153.5714910362921,135.43375601224312
watermelon,watermelon_021.jpg,1,0.3744488409299032,91.01923734295376,102.9539260903177
watermelon,watermelon_021.jpg,2,0.19543668835497915,98.41725978647686,77.25444839857651
watermelon,watermelon_167.jpg,1,0.4223394846214601,142.93439893439893,126.54478854478855
watermelon,watermelon_167.jpg,2,0.04494594042620419,103.75809518790322,110.42625506704086
watermelon,watermelon_167.jpg,3,0.4144321634418716,155.08901515151516,128.85606060606062
watermelon,watermelon_167.jpg,4,0.16993316817608867,124.45576923076923,143.01153846153846
watermelon,watermelon_167.jpg,5,0.3959725224156224,143.28589473684212,126.25684210526316
watermelon,watermelon_167.jpg,6,0.5427776031383652,152.17904761904762,130.68380952380951
watermelon,watermelon_063.jpg,1,0.487308111792613,157.3430141287284,138.43720565149138
watermelon,watermelon_063.jpg,2,0.14713645127993857,117.03416766377748,129.0490805503403
watermelon,watermelon_007.jpg,1,0.27954562553872886,107.61340258509847,119.41375955877378
watermelon,watermelon_128.jpg,1,0.18182092274298534,114.08913857677904,102.7880149812734
watermelon,watermelon_128.jpg,2,0.05776066854791296,105.1168910592853,103.70504312902194
watermelon,watermelon_128.jpg,3,0.14736522942222705,121.93123131285675,133.532481652623
watermelon,watermelon_128.jpg,4,0.06813869412834042,94.40929169840061,120.25666412795124
watermelon,watermelon_128.jpg,5,0.10929192005466067,110.94871794871794,141.35164835164835
watermelon,watermelon_128.jpg,6,0.15714624332961782,115.65396341463415,136.27591463414635
watermelon,watermelon_128.jpg,7,0.4902262688703431,140.78880675818374,124.07497360084476
watermelon,watermelon_128.jpg,8,0.49306132628030913,148.6015625,126.53776041666666
watermelon,watermelon_005.jpg,1,0.45251806172500564,136.80448826929617,123.7881672900374
watermelon,watermelon_005.jpg,2,0.2423878306757829,90.26199395903286,107.29080585328661
watermelon,watermelon_103.jpg,1,0.4620266204869067,138.63089683773975,123.58527734577501
watermelon,watermelon_103.jpg,2,0.523505164843051,146.83807829181495,126.77402135231316
watermelon,watermelon_103.jpg,3,0.03887014432166074,106.64509535518955,108.9388599495816
watermelon,watermelon_103.jpg,4,0.33260123989689766,139.67940717628704,123.73556942277692
watermelon,watermelon_118.jpg,1,0.198773228707597,165.74976009756566,154.73286422645506
watermelon,watermelon_118.jpg,2,0.12452020765637568,218.95895096921322,165.6237172177879
watermelon,watermelon_119.jpg,1,0.07929378213566168,85.45979144372852,89.32136108012114
watermelon,watermelon_147.jpg,1,0.05307615653220061,118.78134041968116,106.42142841498938
watermelon,watermelon_147.jpg,2,0.09773506329930012,107.70907791279485,130.3445318084346
watermelon,watermelon_147.jpg,3,0.09246931506085408,105.01268498942918,131.58393234672303
watermelon,watermelon_147.jpg,4,0.12124725229444559,102.17423806785509,122.79355951696377
watermelon,watermelon_147.jpg,5,0.16525956668005296,101.65965233302836,121.6569075937786
watermelon,watermelon_147.jpg,6,0.3060283211113737,128.44571825603614,111.89838457529964
watermelon,watermelon_140.jpg,1,0.4753429592620102,143.8333773435437,129.77845260100344
watermelon,watermelon_140.jpg,2,0.0317989111415477,117.7776958626297,118.5200422963016
watermelon,watermelon_140.jpg,3,0.26955963248127435,121.49545454545455,142.5390909090909
watermelon,watermelon_140.jpg,4,0.10565634124946904,121.68684516880093,142.66938300349244
watermelon,watermelon_140.jpg,5,0.08553512222250502,126.84993531694697,141.4896507115136
watermelon,watermelon_140.jpg,6,0.09455685880391064,129.9404186795491,147.58132045088567
watermelon,watermelon_140.jpg,7,0.4507954123802945,146.99025974025975,130.32931354359926
watermelon,watermelon_097.jpg,1,0.46713986840033556,131.8833922261484,118.26956082786471
watermelon,watermelon_097.jpg,2,0.052837248124274844,96.66380895753537,106.7679102310596
watermelon,watermelon_097.jpg,3,0.11072505615487356,108.0582147477361,125.21862871927556
watermelon,watermelon_097.jpg,4,0.19288858136193007,103.47444298820446,124.36959370904326
watermelon,watermelon_097.jpg,5,0.07477393466083043,105.71286581998896,132.49475427940365
watermelon,watermelon_097.jpg,6,0.18507323825640754,108.7661406025825,129.0674318507891
watermelon,watermelon_097.jpg,7,0.11265672582776347,110.61771844660193,135.84830097087377
watermelon,watermelon_097.jpg,8,0.1851604905523132,109.13829787234042,136.4663120567376
watermelon,watermelon_097.jpg,9,0.41217255883458276,133.36737315350032,117.02504816955683
watermelon,watermelon_050.jpg,1,0.48418675572819614,140.83207207207207,123.9863063063063
watermelon,watermelon_050.jpg,2,0.15164630405266782,95.84783236096752,108.98974175376556
watermelon,watermelon_009.jpg,1,0.3991071570355426,140.89986064105116,126.73661158670117
watermelon,watermelon_009.jpg,2,0.2168836472218465,102.71146966726442,115.54355017050258
watermelon,watermelon_009.jpg,3,0.20560127827089428,128.09642857142856,109.62321428571428
watermelon,watermelon_009.jpg,4,0.4813578058229126,126.58013245033112,151.50794701986754
watermelon,watermelon_016.jpg,1,0.11139800606435359,106.20320198085065,116.57560443832236
watermelon,watermelon_016.jpg,2,0.1991718847528845,96.18704634282524,85.67225013958682
watermelon,watermelon_016.jpg,3,0.4151076148228698,141.1556420233463,140.67898832684824
watermelon,watermelon_044.jpg,1,0.16114480009639637,127.51788472230803,128.50058689071477
watermelon,watermelon_040.jpg,1,0.46580148478808414,154.45469561113734,136.46932515337423
watermelon,watermelon_040.jpg,2,0.27017257047305504,121.12234494477485,88.98300764655905
watermelon,watermelon_040.jpg,3,0.13802086949479012,121.34030451246448,133.98725938781948
watermelon,watermelon_040.jpg,4,0.0957545355375819,132.45454545454547,97.66060606060606
watermelon,watermelon_065.jpg,1,0.4464468559701222,147.3545994065282,129.60178041543026
watermelon,watermelon_065.jpg,2,0.07235250282670852,110.41243997160396,120.55896354449409
watermelon,watermelon_164.jpg,1,0.45083222002598716,132.5890909090909,118.20207792207792
watermelon,watermelon_164.jpg,2,0.22812143649085953,105.74343122102009,119.25502318392581
watermelon,watermelon_164.jpg,3,0.06101859535175522,89.13818813266171,97.49351231041682
watermelon,watermelon_164.jpg,4,0.0764024926790234,110.18504672897197,127.50841121495327
watermelon,watermelon_164.jpg,5,0.2739713050637075,100.91262135922331,88.21081830790568
watermelon,watermelon_164.jpg,6,0.09596922291086406,115.63012552301255,128.53556485355648
watermelon,watermelon_164.jpg,7,0.23782098464677395,103.73645320197045,119.9679802955665
watermelon,watermelon_164.jpg,8,0.1343821810392997,109.4672131147541,134.01967213114753
watermelon,watermelon_164.jpg,9,0.3962535125168056,133.35980662983425,116.75828729281767
watermelon,watermelon_110.jpg,1,0.4374016813363684,160.06238670694864,130.93716012084593
watermelon,watermelon_110.jpg,2,0.05198973418079594,136.7395586708809,125.68933182491456
watermelon,watermelon_110.jpg,3,0.16506656490931304,126.39083333333335,143.0325
watermelon,watermelon_110.jpg,4,0.09574930282591411,136.58095238095237,147.66095238095238
watermelon,watermelon_110.jpg,5,0.13772768656942272,121.1896551724138,145.61111111111111
watermelon,watermelon_110.jpg,6,0.12473038215281837,121.4007561436673,145.92438563327033
watermelon,watermelon_110.jpg,7,0.5726319397999236,108.71550255536627,124.1618398637138
watermelon,watermelon_110.jpg,8,0.10669150449473518,115.74818840579711,138.90851449275362
watermelon,watermelon_110.jpg,9,0.14994548637382502,125.93280632411067,142.8866930171278
watermelon,watermelon_110.jpg,10,0.39621002511799874,153.56914893617022,136.1802600472813
watermelon,watermelon_110.jpg,11,0.3740530744700899,164.0747191011236,139.80056179775283
watermelon,watermelon_183.jpg,1,0.3879386413509342,149.13961813842482,132.5983293556086
watermelon,watermelon_183.jpg,2,0.06208575871160229,123.37334325283278,123.9933844569074
watermelon,watermelon_183.jpg,3,0.3088163351229302,150.5546180159635,131.77491448118585
watermelon,watermelon_183.jpg,4,0.39969607414880015,158.92746913580245,137.85339506172838
watermelon,watermelon_144.jpg,1,0.46441663422638363,121.33714880332988,108.28199791883456
watermelon,watermelon_144.jpg,2,0.055457200188517845,77.98227012802323,85.30521894863455
watermelon,watermelon_144.jpg,3,0.1344288961323712,89.20765600419507,109.44362873623493
watermelon,watermelon_144.jpg,4,0.48636548609346186,121.98904538341158,107.80907668231612
watermelon,watermelon_080.jpg,1,0.4733533538722512,126.73055332798717,115.97594226142742
watermelon,watermelon_080.jpg,2,0.019602285201862864,95.53451327433628,117.76499508357915
watermelon,watermelon_080.jpg,3,0.14403503537362095,121.83804143126177,129.69114877589453
watermelon,watermelon_080.jpg,4,0.1164223585104445,98.00745343878704,100.10299959908154
watermelon,watermelon_080.jpg,5,0.4636551788475464,134.3313373253493,118.20558882235528
watermelon,watermelon_080.jpg,6,0.26989033750925684,95.89003436426117,126.53951890034364
watermelon,watermelon_080.jpg,7,0.4262748717295175,129.2939330543933,115.3378661087866
watermelon,watermelon_076.jpg,1,0.257054490342444,86.47447447447448,109.09609609609609
watermelon,watermelon_076.jpg,2,0.10601524684326478,79.19116985621636,87.06030642891342
watermelon,watermelon_179.jpg,1,0.04649865160270814,89.38864331859912,70.85285617137029
watermelon,watermelon_179.jpg,2,0.059444798102215736,115.97593774303033,107.2387993593012
watermelon,watermelon_179.jpg,3,0.11438524203966718,117.87775551102203,133.812625250501
watermelon,watermelon_179.jpg,4,0.0998708356261876,116.38517745302713,131.76409185803757
watermelon,watermelon_179.jpg,5,0.18126508961625482,109.32625,122.998125
watermelon,watermelon_179.jpg,6,0.5160053343015127,104.55973813420623,118.80360065466449
watermelon,watermelon_179.jpg,7,0.41919340877573785,140.16019127316198,123.4608487746563
watermelon,watermelon_179.jpg,8,0.09313347588193285,123.90084985835695,136.32483474976394
watermelon,watermelon_101.jpg,1,0.11433989195865069,162.67166004280037,144.68646409374287
watermelon,watermelon_101.jpg,2,0.2483542943435706,178.37231968810914,160.57894736842104
watermelon,watermelon_101.jpg,3,0.33795336339157916,165.8053015609125,150.32816107878452
watermelon,watermelon_039.jpg,1,0.4486817614264547,152.32190429205724,133.77035027133695
watermelon,watermelon_039.jpg,2,0.2601503203588509,114.24747474747475,82.10718294051628
watermelon,watermelon_039.jpg,3,0.09948502727053424,118.7809617459071,132.0590836042356
watermelon,watermelon_093.jpg,1,0.45184474076062275,132.12560532687652,123.59200968523002
watermelon,watermelon_093.jpg,2,0.08648328217020594,117.03322259136213,136.01495016611295
watermelon,watermelon_093.jpg,3,0.09077166750348396,105.10025867307702,110.55173192649598
watermelon,watermelon_093.jpg,4,0.09004970843936187,103.27994791666666,128.93782552083331
watermelon,watermelon_093.jpg,5,0.24577175702438533,113.70810810810812,141.91351351351352
watermelon,watermelon_093.jpg,6,0.08008263787873199,113.56053811659193,148.36995515695068
watermelon,watermelon_093.jpg,7,0.17485946359468357,120.74153846153847,139.93076923076924
watermelon,watermelon_093.jpg,8,0.42851853415812285,137.52903225806452,122.75023041474654
watermelon,watermelon_098.jpg,1,0.46891188030383213,139.56364761708272,125.91953785846916
watermelon,watermelon_098.jpg,2,0.05278721508155114,119.68948907778082,123.14736312951284
watermelon,watermelon_098.jpg,3,0.346863977444221,147.7902192242833,130.4725126475548
watermelon,watermelon_098.jpg,4,0.3308449433069819,141.8229120142921,126.34144707458687
watermelon,watermelon_098.jpg,5,0.4197029146470881,149.37764084507043,130.4674295774648
watermelon,watermelon_185.jpg,1,0.4205343853841578,148.43300692620014,131.40625746357773
watermelon,watermelon_185.jpg,2,0.05895978642061635,122.0099194048357,117.22707715381388
watermelon,watermelon_185.jpg,3,0.45718327389630364,160.0592938041306,134.2804796802132
watermelon,watermelon_185.jpg,4,0.07788858741064031,121.72427440633246,147.46108179419525
watermelon,watermelon_185.jpg,5,0.11777113296366015,124.77034120734908,145.36482939632546
watermelon,watermelon_185.jpg,6,0.23797913595561754,129.0741482965932,129.62257849031397
watermelon,watermelon_185.jpg,7,0.4415660056456205,148.63393903868698,131.24443141852285
watermelon,watermelon_185.jpg,8,0.5070641623272618,136.64341085271317,109.02713178294573
watermelon,watermelon_070.jpg,1,0.3941501113209438,129.10573678290214,118.41057367829022
watermelon,watermelon_070.jpg,2,0.09970299453051376,103.7707501878267,100.95785755010044
watermelon,watermelon_070.jpg,3,0.17676557794947398,106.7890625,129.45781250000002
watermelon,watermelon_070.jpg,4,0.2735086381193009,132.03116147308782,116.84277620396601
watermelon,watermelon_070.jpg,5,0.4726652300612691,135.90189328743546,119.3803786574871
watermelon,watermelon_104.jpg,1,0.4627403449487312,138.40738255033557,122.7463087248322
watermelon,watermelon_104.jpg,2,0.01947045331235169,102.7119156529251,106.57127582739723
watermelon,watermelon_104.jpg,3,0.43095990677576,146.37387387387386,125.85735735735736
watermelon,watermelon_104.jpg,4,0.06362911706524794,107.9866848753841,132.8084670536019
watermelon,watermelon_104.jpg,5,0.2770812201325169,140.12640449438203,123.15543071161049
watermelon,watermelon_132.jpg,1,0.33123208192584574,129.86746569393782,112.69150599270453
watermelon,watermelon_132.jpg,2,0.08048329100616973,126.43822016844302,121.1621405679362
watermelon,watermelon_132.jpg,3,0.454417440734736,155.8960419647115,134.78779208392942
watermelon,watermelon_096.jpg,1,0.45719750414786564,128.49262295081968,115.58360655737705
watermelon,watermelon_096.jpg,2,0.02636012253778499,95.39623558214079,102.36218798112112
watermelon,watermelon_096.jpg,3,0.4227646906898552,95.46139180171592,111.29647283126788
watermelon,watermelon_096.jpg,4,0.1428129963425117,105.7206106870229,125.72366412213741
watermelon,watermelon_096.jpg,5,0.09813687562535765,104.81751824817519,120.37226277372262
watermelon,watermelon_096.jpg,6,0.4780256160526541,129.53379953379954,115.94405594405595
watermelon,watermelon_047.jpg,1,0.3938020286958487,148.57464892830745,129.37730968218773
watermelon,watermelon_047.jpg,2,0.25543082761872055,96.89189952018064,61.179508890770535
watermelon,watermelon_047.jpg,3,0.06664511442780102,108.47747705584753,120.94821945888772
watermelon,watermelon_190.jpg,1,0.40279818388682626,160.35796078431372,134.6483137254902
watermelon,watermelon_190.jpg,2,0.048926103676209795,142.74897897606655,131.45034429250316
watermelon,watermelon_190.jpg,3,0.25235689508568526,129.7463284379172,156.45927903871828
watermelon,watermelon_190.jpg,4,0.34963047676458275,154.850623885918,135.9270944741533
watermelon,watermelon_055.jpg,1,0.47365363767063523,148.32625663440524,131.66094286606307
watermelon,watermelon_055.jpg,2,0.2914914176517452,126.95935828877006,97.84491978609626
watermelon,watermelon_055.jpg,3,0.046453561457965906,116.88099529929387,129.25708100464811
watermelon,watermelon_067.jpg,1,0.4789515841053643,131.4656997255978,113.05409643277146
watermelon,watermelon_067.jpg,2,0.4455234696213612,83.57841953710209,95.4037097141274
watermelon,watermelon_030.jpg,1,0.4456532580616007,153.18973747016707,135.15155131264916
watermelon,watermelon_030.jpg,2,0.2735574059114539,114.89161642312303,128.41343804840756
watermelon,watermelon_137.jpg,1,0.12486367121212191,123.0929565025392,115.11304923824244
watermelon,watermelon_137.jpg,2,0.025394764592297888,122.06666750651935,121.77285554113809
watermelon,watermelon_137.jpg,3,0.06442645380988272,117.84476003917729,147.01371204701275
watermelon,watermelon_137.jpg,4,0.36034442983062565,149.36039693279207,132.03924221921517
watermelon,watermelon_105.jpg,1,0.35052873277890845,155.8443437775261,140.52246130615325
watermelon,watermelon_105.jpg,2,0.13147335941300722,140.12845528455284,157.58861788617887
watermelon,watermelon_105.jpg,3,0.08978018592035628,150.27961446610888,135.64261483935536
watermelon,watermelon_105.jpg,4,0.2766291643526633,157.3604631069639,140.55175393122516
watermelon,watermelon_105.jpg,5,0.31982662535670575,167.0658330268481,144.1923501287238
watermelon,watermelon_052.jpg,1,0.4682298472009646,144.33048259010386,127.22174709835065
watermelon,watermelon_052.jpg,2,0.4762216511437325,91.01482121494084,104.17440140092123
watermelon,watermelon_084.jpg,1,0.43795465106086184,133.17799158147926,119.54149128081781
watermelon,watermelon_084.jpg,2,0.12503074139453815,112.4796812749004,123.39601593625498
watermelon,watermelon_084.jpg,3,0.17919768093128444,93.75907752698724,107.85279685966633
watermelon,watermelon_084.jpg,4,0.03114827585618594,107.47882486327865,108.5499066293184
watermelon,watermelon_084.jpg,5,0.4878137383561976,141.45409836065573,124.44754098360656
watermelon,watermelon_084.jpg,6,0.10656633012615711,114.09799554565701,130.7371937639198
watermelon,watermelon_084.jpg,7,0.06542980560641963,113.29438202247192,132.30786516853934
watermelon,watermelon_084.jpg,8,0.0826147042835245,108.87190684133915,131.9985443959243
watermelon,watermelon_084.jpg,9,0.14505545772931555,115.42262895174709,135.5440931780366
watermelon,watermelon_084.jpg,10,0.09650150708859756,113.11152416356877,129.03345724907064
watermelon,watermelon_084.jpg,11,0.4279961384340464,135.3788670148654,119.21454399357171
watermelon,watermelon_100.jpg,1,0.435618772065504,139.60104076322637,125.00737207285343
watermelon,watermelon_100.jpg,2,0.5388514826339067,149.41682242990655,129.46355140186915
watermelon,watermelon_100.jpg,3,0.04659412218682653,115.65600658886024,121.23712235360217
watermelon,watermelon_100.jpg,4,0.11806383883036434,107.29960707269154,135.0918467583497
watermelon,watermelon_100.jpg,5,0.3653330615098716,140.18332658842573,125.1238365034399
watermelon,watermelon_192.jpg,1,0.45582890420787847,147.31628787878788,122.3035037878788
watermelon,watermelon_192.jpg,2,0.3538246994184232,153.73245778611633,123.72195121951219
watermelon,watermelon_192.jpg,3,0.058263418983291106,110.60676803552543,107.75342846670121
watermelon,watermelon_192.jpg,4,0.12106735965972569,117.57431457431457,139.23015873015873
watermelon,watermelon_192.jpg,5,0.12614261834766882,102.78571428571429,127.79454253611557
watermelon,watermelon_192.jpg,6,0.4177429415103767,141.24232527759634,124.49706074461137
watermelon,watermelon_095.jpg,1,0.43590351329528226,134.41892883345562,120.75311812179018
watermelon,watermelon_095.jpg,2,0.032380531158336216,110.3111933580074,131.54176252875862
watermelon,watermelon_095.jpg,3,0.08971255890962304,102.12021780537717,110.04705899013645
watermelon,watermelon_095.jpg,4,0.4439375256208382,136.48240693523712,121.09077001529832
watermelon,watermelon_143.jpg,1,0.4122340028953449,131.14694894146947,116.02573682025736
watermelon,watermelon_143.jpg,2,0.07025640144704334,100.10792926011133,95.46782810277304
watermelon,watermelon_143.jpg,3,0.47960916608007387,131.72323379461034,115.62636562272397
watermelon,watermelon_014.jpg,1,0.4657760268015295,122.63262599469495,109.45623342175065
watermelon,watermelon_014.jpg,2,0.36844592507801555,83.72078386849965,94.94186144087668
watermelon,watermelon_014.jpg,3,0.1957611490490653,51.822304832713755,45.5271375464684
watermelon,watermelon_060.jpg,1,0.48394556961143376,156.83401411065725,139.92202005198664
watermelon,watermelon_060.jpg,2,0.25647887621886295,120.98966868069849,134.66038443662438
watermelon,watermelon_060.jpg,3,0.8126771734872406,145.7046332046332,168.7702702702703
watermelon,watermelon_138.jpg,1,0.10861238634740084,139.17026565464894,127.29807210626186
watermelon,watermelon_138.jpg,2,0.39991608938525236,132.046875,155.40625
watermelon,watermelon_138.jpg,3,0.34049291979136104,150.45274992403523,132.2260711030082
watermelon,watermelon_138.jpg,4,0.4358015602106121,159.32420494699647,135.76590106007066
watermelon,watermelon_142.jpg,1,0.04152929661095478,126.84354220287095,119.91097111339585
watermelon,watermelon_142.jpg,2,0.10056667034014792,125.37460815047021,148.6990595611285
watermelon,watermelon_142.jpg,3,0.23156591172349297,122.75414781297135,143.7843137254902
watermelon,watermelon_142.jpg,4,0.4474414331096834,150.433465085639,134.8642951251647
watermelon,watermelon_020.jpg,1,0.48903586037706515,129.00893084970656,113.80071446797652
watermelon,watermelon_020.jpg,2,0.17743552630530984,108.16728837876614,80.45279770444763
watermelon,watermelon_020.jpg,3,0.17845768124894487,93.34682799411536,106.43934308103402
watermelon,watermelon_083.jpg,1,0.45484187285336075,132.0267548001259,120.02486622599938
watermelon,watermelon_083.jpg,2,0.099258738310145,99.76125137211855,117.0702524698134
watermelon,watermelon_083.jpg,3,0.02427988339309694,102.72764222921579,111.59675302806843
watermelon,watermelon_083.jpg,4,0.4768329944378654,95.48583569405099,125.0070821529745
watermelon,watermelon_083.jpg,5,0.4456928810190034,135.07344379758172,120.51365875503807
watermelon,watermelon_177.jpg,1,0.06228192189893488,143.18679077668608,128.15355434874039
watermelon,watermelon_177.jpg,2,0.10209057540187186,137.79367088607594,159.38227848101266
watermelon,watermelon_177.jpg,3,0.15752025277345136,129.8647007805724,156.32176929748482
watermelon,watermelon_177.jpg,4,0.3575557198712643,151.2077008515365,136.19085523880045
watermelon,watermelon_073.jpg,1,0.47113223752617117,136.00921006021963,123.24017003188098
watermelon,watermelon_073.jpg,2,0.05097401432431282,110.54635416666666,138.85494791666667
watermelon,watermelon_073.jpg,3,0.08601945864713403,120.03878785912433,112.5622536216602
watermelon,watermelon_073.jpg,4,0.2520615438498954,189.8342105263158,72.93684210526315
watermelon,watermelon_073.jpg,5,0.2272045498932309,117.97985611510792,145.5654676258993
watermelon,watermelon_073.jpg,6,0.10971476125602071,110.92200557103064,133.6448467966574
watermelon,watermelon_073.jpg,7,0.3296834410558818,138.8809182209469,122.25609756097562
watermelon,watermelon_073.jpg,8,0.3486596632055879,143.30882352941177,125.18425605536332
watermelon,watermelon_034.jpg,1,0.4981783899676201,148.03010399562123,129.4663382594417
watermelon,watermelon_034.jpg,2,0.05473050353535914,102.52475977093611,118.16559254008804
watermelon,watermelon_034.jpg,3,0.3631125682238059,112.24132091447925,132.47671464860287
orange,orange_016.jpg,1,0.13023873633030925,157.08750743890116,126.97391292192049
orange,orange_016.jpg,2,0.48021909132016,192.8718274111675,168.746192893401
orange,orange_083.jpg,1,0.16766217645646941,160.10508614572328,134.72327725666202
orange,orange_034.jpg,1,0.15513045504880946,156.68725305885582,129.6654475259842
orange,orange_094.jpg,1,0.0721184321987016,168.7189710455505,134.6895117327017
orange,orange_071.jpg,1,0.3994232526912015,187.35265972417676,142.10047846889952
orange,orange_071.jpg,2,0.08385768604111242,151.91593298978873,123.40160109528608
orange,orange_071.jpg,3,0.45015928245458625,196.03003533568904,150.97349823321554
orange,orange_103.jpg,1,0.1974595364114566,197.16332152151045,164.23143790487794
orange,orange_103.jpg,2,0.16892795712426062,158.95167165703091,131.11946518013605
orange,orange_103.jpg,3,0.42177462486437484,202.34826711749787,170.15300084530853
orange,orange_061.jpg,1,0.3138197807739896,186.11185951407265,139.3598749097907
orange,orange_061.jpg,2,0.06899020574602202,143.01287324524685,116.96646404348512
orange,orange_097.jpg,1,0.09886226493253918,165.76636940273815,142.45779580835801
orange,orange_097.jpg,2,0.27531318340458477,200.0406834825061,174.6460537021969
orange,orange_004.jpg,1,0.21376906784669752,141.05186310667844,114.7352496839991
orange,orange_018.jpg,1,0.16129171979892443,153.7702394336177,121.67066906838633
orange,orange_018.jpg,2,0.4688730606607044,181.34217903195665,155.70192487385535
orange,orange_031.jpg,1,0.2851941042610202,148.27996936179525,122.48489518268941
orange,orange_027.jpg,1,0.22972427565280273,164.87514817707265,126.51516461835669
orange,orange_005.jpg,1,0.301618042550121,160.6763666390648,132.42868773968516
orange,orange_060.jpg,1,0.06870723225637024,169.9514867995809,135.88332866018328
orange,orange_065.jpg,1,0.3519350516710054,183.37155201063476,139.17580591558655
orange,orange_065.jpg,2,0.11739039433756668,154.86328411073086,121.99281634066124
orange,orange_006.jpg,1,0.11459287864622814,137.58329074510473,109.61079327673832
orange,orange_003.jpg,1,0.12934107212800702,133.14408373432252,112.56669606533421
orange,orange_075.jpg,1,0.08864925761227907,142.70082848489935,126.92581088847417
orange,orange_056.jpg,1,0.12831666297917338,210.88392126928738,157.54211875034076
orange,orange_056.jpg,2,0.0523217342939314,170.0852121106129,131.8898062072771
orange,orange_093.jpg,1,0.16042077913595815,152.9288271495962,132.22791488243578
orange,orange_102.jpg,1,0.3316748032700969,200.86108334183416,169.39175762521677
orange,orange_102.jpg,2,0.240801043830192,179.56498220277356,144.6983019277139
orange,orange_102.jpg,3,0.0725505523653161,222.50160256410257,191.07051282051282
orange,orange_046.jpg,1,0.06651125671332413,163.14108334916813,131.17220261476592
orange,orange_046.jpg,2,0.3123875123100605,205.27476958525347,159.3876728110599
orange,orange_017.jpg,1,0.13870621733317148,147.8491502208655,121.5419594760876
orange,orange_022.jpg,1,0.14890019188610498,159.87777211527398,133.33914744611945
orange,orange_048.jpg,1,0.24755290946371897,190.925435693801,137.4736377674829
orange,orange_048.jpg,2,0.09573526064625709,139.32346115895774,119.49449696068997
orange,orange_048.jpg,3,0.4110827850545245,195.39642324888226,148.521609538003
orange,orange_014.jpg,1,0.11327893862546873,156.83990237949968,125.59323661672654
orange,orange_055.jpg,1,0.09873613279174932,197.51574914869465,146.25709421112373
orange,orange_055.jpg,2,0.1459913600824913,150.95104512600116,127.16847040437585
orange,orange_055.jpg,3,0.1910941868494866,166.66026920847557,124.71672999720916
orange,orange_055.jpg,4,0.46704796012602706,154.12832108535895,142.70039570378745
orange,orange_055.jpg,5,0.3603677664175682,198.15346534653466,152.1990099009901
orange,orange_089.jpg,1,0.14273826192085487,169.73593633703172,137.00467654975736
orange,orange_089.jpg,2,0.16848181244440752,196.71066907775767,193.08951175406872
orange,orange_015.jpg,1,0.26716861998532354,176.04047523951814,149.02688569695715
orange,orange_032.jpg,1,0.15840946422845625,142.94934229582663,116.40476048165738
orange,orange_091.jpg,1,0.10321897075837763,148.90271545438677,127.37914172949051
orange,orange_091.jpg,2,0.20485147951625887,199.25599855673823,163.39166516326898
orange,orange_073.jpg,1,0.0775745285621476,145.21377685966368,131.36102752779394
orange,orange_011.jpg,1,0.14053544783175353,134.22336369846482,113.70131591326508
orange,orange_002.jpg,1,0.1485559931180471,133.09272090548174,112.04423629787628
orange,orange_072.jpg,1,0.08561099478001576,159.49128070093803,130.26297493560773
orange,orange_072.jpg,2,0.3103448165100204,153.9523227383863,130.0226161369193
orange,orange_023.jpg,1,0.24746125155248563,195.88910858488995,166.70211541790704
orange,orange_084.jpg,1,0.363721240310616,174.34308131241085,142.47146932952924
orange,orange_084.jpg,2,0.07117091305909796,151.83772098323294,120.30521569265831
orange,orange_084.jpg,3,0.4327902524494346,184.5037313432836,147.75279850746267
orange,orange_092.jpg,1,0.15660498848753568,159.55463856049465,133.82218368977456
orange,orange_092.jpg,2,0.32096886069690916,202.9996033320111,174.91273304244348
orange,orange_008.jpg,1,0.1167651197253327,132.00658769506364,112.85120791229862
orange,orange_035.jpg,1,0.44412406570858615,180.9294305297199,148.0075012161031
orange,orange_090.jpg,1,0.3453392851406794,171.1722648752399,139.68738003838772
orange,orange_090.jpg,2,0.06959070036689294,150.0201134314241,126.42112563218431
orange,orange_090.jpg,3,0.2157037429057438,141.94440437042536,121.34710936671263
orange,orange_090.jpg,4,0.35880242699123144,179.95051546391753,145.98075601374572
orange,orange_045.jpg,1,0.144705993094994,181.89475554069446,149.6381876887389
orange,orange_045.jpg,2,0.4171180620341254,216.83296213808464,182.17282850779512
orange,orange_039.jpg,1,0.09525352317604147,183.41206247930901,153.66356477162148
orange,orange_007.jpg,1,0.11543676315582876,134.05121865521645,107.77855456175433
orange,orange_025.jpg,1,0.15355835594140252,156.83194308503644,125.13547494874828
orange,orange_025.jpg,2,0.28638076165163945,162.20115606936417,149.59768786127168
orange,orange_077.jpg,1,0.37527897069698446,160.350051975052,127.497920997921
orange,orange_077.jpg,2,0.07262125048293389,124.94533112448987,104.28105175966705
orange,orange_077.jpg,3,0.3275919048267404,169.49396681749624,132.06938159879337
orange,orange_009.jpg,1,0.07898555695158814,129.68343634063362,108.08131592894634
orange,orange_044.jpg,1,0.08938217869645258,169.96814583043033,142.0147933266617
orange,orange_044.jpg,2,0.36785589243485406,208.57351111111112,175.76835555555556
orange,orange_101.jpg,1,0.3110487014706813,200.4948703538409,168.91842154561581
orange,orange_101.jpg,2,0.1945430686822497,163.8494200927614,142.88189846130092
orange,orange_101.jpg,3,0.2955941423735678,199.35637149028076,164.548596112311
orange,orange_030.jpg,1,0.2551771879880088,168.11330489306266,135.4985808495815
orange,orange_030.jpg,2,0.5755970791962555,201.3826714801444,176.87725631768953
orange,orange_037.jpg,1,0.3279141518755527,161.84526576315088,131.5593904097675
orange,orange_021.jpg,1,0.08754889025402333,146.41385355000924,118.06413655231839
orange,orange_021.jpg,2,0.23699475741970674,184.72685714285717,150.30657142857143
orange,orange_043.jpg,1,0.14093191459986754,208.91166958041958,160.7861013986014
orange,orange_043.jpg,2,0.11673031313050454,163.2987437770953,132.16005292471903
orange,orange_043.jpg,3,0.37186377489572586,207.99917559769167,164.5539983511954
orange,orange_012.jpg,1,0.048122677795084806,126.75912788522162,106.30369984981213
orange,orange_086.jpg,1,0.07499133977598946,142.47030161466034,117.18154646975533
orange,orange_086.jpg,2,0.2862059453909838,196.64563233376794,157.58409387222946
orange,orange_080.jpg,1,0.04764459879158633,147.34530903427225,122.91476786794512
orange,orange_080.jpg,2,0.1926370896006045,175.25945537065053,147.05068078668685
orange,orange_058.jpg,1,0.1364521507139265,185.70096994054563,146.98524123908717
orange,orange_026.jpg,1,0.293569272771275,167.20852707562852,135.9006349200134
orange,orange_026.jpg,2,0.6249462331746017,203.73055028463,178.9810246679317
orange,orange_001.jpg,1,0.1342802458935291,142.50759176419132,115.60887082776959
orange,orange_029.jpg,1,0.2467296063375541,168.47728316654369,136.84950792216299
orange,orange_062.jpg,1,0.09503325546001863,180.55249968971816,139.18775598252967
orange,orange_062.jpg,2,0.3063730511979212,210.16819787985864,167.3208480565371
orange,orange_010.jpg,1,0.10477197373861886,130.97801778053878,109.73661002862683
orange,orange_057.jpg,1,0.3526083900272414,184.75203129702078,136.12278061992177
orange,orange_057.jpg,2,0.07827438512219974,149.01547421157133,116.60047559680473
orange,orange_085.jpg,1,0.37055273589865023,174.8672068422237,143.38780103533648
orange,orange_085.jpg,2,0.10566520396011068,139.5007960545546,114.46234910723724
orange,orange_085.jpg,3,0.35138838098260927,185.3484549638396,148.54635108481264
orange,orange_059.jpg,1,0.1689880886240278,183.76216186878554,148.67742390690807
orange,orange_059.jpg,2,0.23929923537983275,199.58492366412213,211.48282442748092
orange,orange_066.jpg,1,0.07841070929550632,178.98415960699785,145.68772642966837
orange,orange_066.jpg,2,0.16788991747330406,181.17591875073384,142.2212750968651
orange,orange_066.jpg,3,0.12039065823593342,165.18273305084745,143.583156779661
orange,orange_066.jpg,4,0.3424532625286244,202.17502787068005,165.2943143812709
orange,orange_024.jpg,1,0.16221297978225832,158.1561390038391,130.55346462581645
orange,orange_064.jpg,1,0.315966452870729,186.7336392175803,145.4035257184255
orange,orange_064.jpg,2,0.2658663920775544,166.8236603294516,126.81192106954218
orange,orange_064.jpg,3,0.2590513738964548,167.6309490676315,133.98021708878375
orange,orange_028.jpg,1,0.21557050530382338,169.40902655388106,131.11918837527915
orange,orange_076.jpg,1,0.08265135322122819,174.83461839311656,144.8845681081685
orange,orange_076.jpg,2,0.10152978678847871,124.77818616071889,102.93294696008336
orange,orange_019.jpg,1,0.1122876626714249,148.3292816318692,119.34138872537353
orange,orange_088.jpg,1,0.12615725900717137,172.04758400911987,131.9147317149001
orange,orange_078.jpg,1,0.08229913356649507,138.29611903618687,118.46675340365223
orange,orange_041.jpg,1,0.08454660997493,203.68984270127007,161.9563599284067
orange,orange_081.jpg,1,0.11536102751881673,174.4070615434511,141.51368226134633
orange,orange_095.jpg,1,0.2976023135223834,193.62563517455538,161.37323562623507
orange,orange_095.jpg,2,0.23688436705593516,166.33592591764818,138.7454573899828
orange,orange_095.jpg,3,0.394096331529866,205.315379623621,171.7981829980532
orange,orange_053.jpg,1,0.0643585623062401,182.19899176049555,157.13154434232584
orange,orange_074.jpg,1,0.1045942896963736,150.6548006875899,129.17894785013743
orange,orange_054.jpg,1,0.19493131386936235,209.24479364608376,170.56431856565382
orange,orange_079.jpg,1,0.06842832201375612,141.97074683949037,127.83266208372275
orange,orange_079.jpg,2,0.4455997014653726,196.88938714499253,168.70104633781764
orange,orange_052.jpg,1,0.33732050394045193,208.4344798603613,175.98636275690757
orange,orange_036.jpg,1,0.22748973798388497,165.97007919112707,137.74328197107707
orange,orange_038.jpg,1,0.09707937307769979,145.99110623849822,125.040821805937
orange,orange_038.jpg,2,0.4038601243821259,186.8030690537084,152.0388746803069
orange,orange_098.jpg,1,0.2503625808824321,190.33887731196853,158.65186834237196
orange,orange_098.jpg,2,0.1400793464042627,152.6395780413009,128.87338606720277
orange,orange_098.jpg,3,0.4017799640832114,199.69730941704037,167.49925261584454
orange,orange_049.jpg,1,0.05528839876667593,153.13250872317755,122.72974516481756
orange,orange_049.jpg,2,0.4341539803687417,200.58478260869566,148.94239130434784
orange,orange_082.jpg,1,0.14536662410998813,163.51750932850706,127.7133931603865
orange,orange_050.jpg,1,0.2253458832334177,219.21157299780748,177.45342265019886
orange,orange_050.jpg,2,0.10026866195548355,176.73287828261775,147.37554189245517
orange,orange_050.jpg,3,0.4053821972373054,219.04598160735705,180.56817273090763
orange,orange_013.jpg,1,0.11186212004234503,136.9078925173935,112.85820179907897
orange,orange_013.jpg,2,0.39133359813709795,176.6706576125804,151.9685489635454
orange,orange_068.jpg,1,0.45789343180623715,171.30641025641026,130.07051282051282
orange,orange_068.jpg,2,0.11216057667629298,131.2492338431565,104.79594985672334
orange,orange_040.jpg,1,0.09480688106782545,201.86673258262383,150.19009795843633
orange,orange_040.jpg,2,0.19314346801158472,187.30984677101745,132.70205984448128
orange,orange_047.jpg,1,0.16774743237368903,184.8636333532022,147.0569754770033
orange,orange_099.jpg,1,0.10138289299658303,161.81529168196025,136.51766021096773
orange,orange_099.jpg,2,0.30105387494519786,166.62660550458716,152.72385321100919
orange,orange_069.jpg,1,0.07859955558691081,149.4823198604595,125.34192229038854
orange,orange_067.jpg,1,0.14119850058287475,204.77999821739354,151.71236237574527
orange,orange_067.jpg,2,0.30181758036908757,220.87799367374606,177.34568459105287
orange,orange_051.jpg,1,0.21280205966858892,215.33102935041214,175.53119397431416
orange,orange_051.jpg,2,0.11948378045257586,168.30897042437985,142.5180718181285
orange,orange_051.jpg,3,0.3846050537448232,215.45553822152885,178.04290171606866
orange,orange_070.jpg,1,0.10800294328384846,144.02476080875107,122.6660014813636
orange,orange_042.jpg,1,0.11987922446762686,207.44905337265723,158.42726667300923
orange,orange_042.jpg,2,0.16763518058899302,137.53982982856178,125.81552444894857
orange,orange_042.jpg,3,0.22605217900103058,151.82216269179452,133.20679411274182
orange,orange_100.jpg,1,0.30870249817070156,197.23125575350628,165.07170628689013
orange,orange_100.jpg,2,0.3756069670436607,213.66382978723405,159.65106382978723
orange,orange_100.jpg,3,0.386067778542284,180.30165273156553,143.1322886552952
orange,orange_100.jpg,4,0.3907052026806476,208.743653250774,176.17894736842106
orange,orange_033.jpg,1,0.15046465864654168,170.34268465580027,142.56079209021746
orange,orange_033.jpg,2,0.16009541021163454,206.72402044293017,187.412265758092
orange,orange_063.jpg,1,0.42447021237659716,172.66906474820144,130.35811350919263
orange,orange_063.jpg,2,0.09727580832003899,145.6865708257691,112.58958915983843
orange,orange_063.jpg,3,0.15409733099964545,143.65337001375516,123.56121045392022
orange,orange_020.jpg,1,0.21502389550178516,142.3905026900386,120.02254187418511
orange,orange_020.jpg,2,0.4592068405742879,185.68666411922047,160.4145968666412
orange,orange_087.jpg,1,0.13486249865734962,163.53615560187686,129.0795601424333
orange,orange_096.jpg,1,0.08008656648835653,141.96097346915283,122.13109317449354
fuji_apple,fuji_apple_063.jpg,1,0.5597507530769602,151.85880077369438,151.41972920696324
fuji_apple,fuji_apple_063.jpg,2,0.2614524134169131,134.644453292984,92.04950226965039
fuji_apple,fuji_apple_063.jpg,3,0.7285688704717533,175.1865889212828,113.61844023323614
fuji_apple,fuji_apple_050.jpg,1,0.35390633233917584,130.0,130.91576260370135
fuji_apple,fuji_apple_050.jpg,2,0.2995812614988444,115.86391515863197,81.33229885298496
fuji_apple,fuji_apple_097.jpg,1,0.6634155473591278,151.78154205607476,139.6347352024922
fuji_apple,fuji_apple_097.jpg,2,0.2614263662763829,123.34347368749934,81.58691508972181
fuji_apple,fuji_apple_097.jpg,3,0.5906286058413225,149.946361664366,113.61467166239402
fuji_apple,fuji_apple_033.jpg,1,0.46334495682571014,122.73752201996477,122.73752201996477
fuji_apple,fuji_apple_033.jpg,2,0.48074750975046915,120.01960303847096,111.42514089683901
fuji_apple,fuji_apple_033.jpg,3,0.3667109211770328,102.31648406791001,66.12547461737894
fuji_apple,fuji_apple_033.jpg,4,0.5595178902991454,122.73157315731574,91.7957462412908
fuji_apple,fuji_apple_033.jpg,5,0.39108111854483946,128.20642978003383,127.20642978003383
fuji_apple,fuji_apple_155.jpg,1,0.46352512108450145,159.55750190403657,153.2003046458492
fuji_apple,fuji_apple_155.jpg,2,0.7038650726840835,143.2339707536558,138.76209223847022
fuji_apple,fuji_apple_155.jpg,3,0.41145613537671805,137.10756351248506,103.04584496067844
fuji_apple,fuji_apple_155.jpg,4,0.39493845840867964,144.78737351924974,96.58195027147087
fuji_apple,fuji_apple_113.jpg,1,0.4669116660804984,157.64456521739132,157.02173913043478
fuji_apple,fuji_apple_113.jpg,2,0.21556212450188256,140.62751919613234,111.9206465067779
fuji_apple,fuji_apple_096.jpg,1,0.4406241574384207,124.45824148910116,113.26108253734999
fuji_apple,fuji_apple_096.jpg,2,0.20078317964058617,132.77077915632756,99.85283374689827
fuji_apple,fuji_apple_044.jpg,1,0.41009800636386795,129.3015873015873,129.36075036075036
fuji_apple,fuji_apple_044.jpg,2,0.6174952977409378,108.55287039869481,71.00469052717446
fuji_apple,fuji_apple_020.jpg,1,0.5640113374517614,119.08137931034481,119.00137931034482
fuji_apple,fuji_apple_020.jpg,2,0.4540314009563033,124.28292228943695,120.0907398790135
fuji_apple,fuji_apple_020.jpg,3,0.718289045772925,103.78779188857025,86.20442441622286
fuji_apple,fuji_apple_020.jpg,4,0.5866397648376451,93.12997853124074,60.759198252887174
fuji_apple,fuji_apple_036.jpg,1,0.4698106002561791,140.23291986611537,140.25457767277024
fuji_apple,fuji_apple_036.jpg,2,0.5418770842360516,143.4751516716148,135.99432038208337
fuji_apple,fuji_apple_036.jpg,3,0.7285757025039804,127.53700256347656,106.71195983886719
fuji_apple,fuji_apple_036.jpg,4,0.38289633933124223,147.0799719396703,146.28235706769553
fuji_apple,fuji_apple_101.jpg,1,0.4676462966747553,145.2238622386224,108.00041000410003
fuji_apple,fuji_apple_101.jpg,2,0.2601074351205801,115.23411634209012,81.33862671590309
fuji_apple,fuji_apple_101.jpg,3,0.5484455795204816,172.2043301759134,135.9851150202977
fuji_apple,fuji_apple_101.jpg,4,0.7591614791009984,139.49639889196678,120.26814404432135
fuji_apple,fuji_apple_101.jpg,5,0.7915863685465458,125.95151515151515,116.05252525252526
fuji_apple,fuji_apple_043.jpg,1,0.49126801243450674,124.99441964285714,124.99441964285714
fuji_apple,fuji_apple_043.jpg,2,0.5481933928304076,101.76338056150047,59.99759795555315
fuji_apple,fuji_apple_043.jpg,3,0.6041731575233767,115.84373999359589,102.02049311559396
fuji_apple,fuji_apple_197.jpg,1,0.21431063275298956,142.68169782161456,84.6882536495093
fuji_apple,fuji_apple_080.jpg,1,0.2356373399040308,126.47629375534974,75.23758374576042
fuji_apple,fuji_apple_080.jpg,2,0.6590208709990784,140.42215088282504,111.27635098983413
fuji_apple,fuji_apple_006.jpg,1,0.49496156694365523,132.21618685497012,122.85822922324823
fuji_apple,fuji_apple_006.jpg,2,0.31302002669502677,103.63137610094321,54.647816853020174
fuji_apple,fuji_apple_001.jpg,1,0.5385202663188638,141.41303558460422,131.77432824981844
fuji_apple,fuji_apple_001.jpg,2,0.781411806696543,132.93740629685158,118.84482758620689
fuji_apple,fuji_apple_001.jpg,3,0.3794485259347677,116.49748143532223,70.98040539370965
fuji_apple,fuji_apple_001.jpg,4,0.5518937810335358,113.26616657178259,84.92930578346338
fuji_apple,fuji_apple_186.jpg,1,0.19346604528626196,135.6968953397553,83.3966805519396
fuji_apple,fuji_apple_120.jpg,1,0.4821169821385492,131.39851943244912,117.43553362122147
fuji_apple,fuji_apple_120.jpg,2,0.20007708197067128,116.92967689615435,75.98921848990568
fuji_apple,fuji_apple_174.jpg,1,0.12659938993368053,143.03250984575968,82.43280095502878
fuji_apple,fuji_apple_174.jpg,2,0.7960208094039356,190.62602459016392,125.58743169398907
fuji_apple,fuji_apple_174.jpg,3,0.7186832586976445,149.2742494226328,139.12817551963047
fuji_apple,fuji_apple_174.jpg,4,0.735274541985782,147.65285145888595,130.032824933687
fuji_apple,fuji_apple_137.jpg,1,0.23775543506903288,139.44247323115684,138.16733151375183
fuji_apple,fuji_apple_137.jpg,2,0.21080347181070844,129.42180952589894,93.26470459182553
fuji_apple,fuji_apple_135.jpg,1,0.39872368052978946,136.64879804602134,133.44118781334362
fuji_apple,fuji_apple_135.jpg,2,0.38728609018631793,121.15648357057881,81.72834228986339
fuji_apple,fuji_apple_135.jpg,3,0.80552172081647,132.23453093812375,122.2874251497006
fuji_apple,fuji_apple_195.jpg,1,0.562560987267451,138.41690962099125,92.58172376093295
fuji_apple,fuji_apple_195.jpg,2,0.20363643150726427,137.76848595528475,79.94522244623049
fuji_apple,fuji_apple_037.jpg,1,0.44569830275731803,137.61406209905056,137.50526045676162
fuji_apple,fuji_apple_037.jpg,2,0.5312363520983303,142.08939393939391,132.07479338842975
fuji_apple,fuji_apple_037.jpg,3,0.5501803202053782,128.81565543187133,98.00411822080477
fuji_apple,fuji_apple_037.jpg,4,0.520247911366623,143.93354598617756,142.90536948431685
fuji_apple,fuji_apple_090.jpg,1,0.7518776224570877,153.0411208151383,142.32714701601165
fuji_apple,fuji_apple_090.jpg,2,0.5907010533397831,135.63759016595827,96.6689829103543
fuji_apple,fuji_apple_090.jpg,3,0.6551497465546857,133.77657046396908,87.94521199010113
fuji_apple,fuji_apple_034.jpg,1,0.41559157462025126,127.06554472984944,125.06554472984944
fuji_apple,fuji_apple_034.jpg,2,0.46456825433240584,128.35892946473237,116.37093546773386
fuji_apple,fuji_apple_034.jpg,3,0.31502609502782053,115.97256138041716,70.61833590227626
fuji_apple,fuji_apple_034.jpg,4,0.44445156423495397,131.19720624486442,130.1922760887428
fuji_apple,fuji_apple_128.jpg,1,0.5457536819304677,150.84059775840598,146.3810709838107
fuji_apple,fuji_apple_128.jpg,2,0.11532455289957347,127.08960575006509,91.48215268915418
fuji_apple,fuji_apple_175.jpg,1,0.6257296608052083,194.92857142857142,119.09931506849314
fuji_apple,fuji_apple_175.jpg,2,0.4364176897917765,146.84924286280125,88.22248966616903
fuji_apple,fuji_apple_175.jpg,3,0.7128707095846039,149.63097949886105,136.28018223234625
fuji_apple,fuji_apple_175.jpg,4,0.5845468375215667,140.98491828452342,93.87991298307192
fuji_apple,fuji_apple_148.jpg,1,0.1876526495646402,138.68686334171187,136.04153988622835
fuji_apple,fuji_apple_148.jpg,2,0.30587370162610494,144.60231978872815,87.94214032771141
fuji_apple,fuji_apple_110.jpg,1,0.19155468068252898,137.97212570549917,97.25307976089017
fuji_apple,fuji_apple_166.jpg,1,0.6271563171619693,132.50839888117937,79.95790514750196
fuji_apple,fuji_apple_166.jpg,2,0.35666426063773193,167.00412314458495,103.1267179769104
fuji_apple,fuji_apple_166.jpg,3,0.48703756210375054,135.77198741622215,72.11204007659691
fuji_apple,fuji_apple_074.jpg,1,0.2557941117627126,121.66353553170498,83.43525964901791
fuji_apple,fuji_apple_074.jpg,2,0.7520105181424169,141.73333333333332,120.54924242424242
fuji_apple,fuji_apple_124.jpg,1,0.46871489697599406,152.84040880503144,147.43946540880503
fuji_apple,fuji_apple_124.jpg,2,0.22788673374076227,125.83092135551152,94.38011836372492
fuji_apple,fuji_apple_124.jpg,3,0.8311667013298702,144.0912738214644,128.59445001671682
fuji_apple,fuji_apple_005.jpg,1,0.536165918767528,132.08021077283374,126.52966432474629
fuji_apple,fuji_apple_005.jpg,2,0.24533535041891577,111.9566869825207,73.48419388224471
fuji_apple,fuji_apple_005.jpg,3,0.794602273361202,116.85893115069813,115.77419354838709
fuji_apple,fuji_apple_046.jpg,1,0.3834048016078068,134.02263581488936,134.94014084507043
fuji_apple,fuji_apple_046.jpg,2,0.6041848998126966,126.84518215570252,88.00449588119271
fuji_apple,fuji_apple_093.jpg,1,0.8164570481198434,143.83636363636364,127.99752066115703
fuji_apple,fuji_apple_093.jpg,2,0.18048674260170078,135.96720685009586,83.7599163169076
fuji_apple,fuji_apple_041.jpg,1,0.4718087085029163,133.61881188118812,133.63531353135315
fuji_apple,fuji_apple_041.jpg,2,0.5112515613934726,141.27058823529413,132.93689839572193
fuji_apple,fuji_apple_041.jpg,3,0.381358636562894,124.0952564281092,77.9869840515723
fuji_apple,fuji_apple_071.jpg,1,0.624493892997086,138.17242666268567,89.3728745241472
fuji_apple,fuji_apple_168.jpg,1,0.672816628695735,160.27503015681543,137.64927623642942
fuji_apple,fuji_apple_168.jpg,2,0.18124163953454214,145.686493934902,91.88907447230515
fuji_apple,fuji_apple_157.jpg,1,0.14612541035286514,148.23896595208072,145.06002522068096
fuji_apple,fuji_apple_157.jpg,2,0.39370369151393986,168.4454796411318,137.19703243616289
fuji_apple,fuji_apple_157.jpg,3,0.48451525989406746,153.33333333333331,153.45238095238093
fuji_apple,fuji_apple_157.jpg,4,0.2712766972943974,142.4646668613626,97.60733447369518
fuji_apple,fuji_apple_157.jpg,5,0.6475105605521737,160.8249637856108,128.2648478995654
fuji_apple,fuji_apple_165.jpg,1,0.7548064653632129,146.50383877159308,125.0239923224568
fuji_apple,fuji_apple_165.jpg,2,0.5574250919098992,139.42018823042713,103.43117178612059
fuji_apple,fuji_apple_040.jpg,1,0.497189595644274,129.98512221041443,129.98512221041443
fuji_apple,fuji_apple_040.jpg,2,0.4927041266223647,137.41916167664672,130.30389221556888
fuji_apple,fuji_apple_040.jpg,3,0.5798532988014168,125.59412404787813,98.80413492927094
fuji_apple,fuji_apple_040.jpg,4,0.614181511532118,108.38487123628725,65.53415545008947
fuji_apple,fuji_apple_051.jpg,1,0.3536294492893857,127.14239482200647,127.09492988133763
fuji_apple,fuji_apple_051.jpg,2,0.4380793372610287,115.0597408604234,60.73828527854692
fuji_apple,fuji_apple_115.jpg,1,0.2028727604780258,110.00943810359963,72.77285955841705
fuji_apple,fuji_apple_203.jpg,1,0.4641420341834398,142.31479468094003,136.64246884670067
fuji_apple,fuji_apple_203.jpg,2,0.40715357549712733,133.72564452458695,90.84260928895169
fuji_apple,fuji_apple_203.jpg,3,0.6435798912147972,156.34437086092714,108.64269946389152
fuji_apple,fuji_apple_134.jpg,1,0.8010349667597619,117.86581352833639,110.83546617915906
fuji_apple,fuji_apple_134.jpg,2,0.3434773396094863,123.87339770940939,83.54904109589042
fuji_apple,fuji_apple_139.jpg,1,0.40429286673009524,151.53342631334263,146.2934449093445
fuji_apple,fuji_apple_139.jpg,2,0.5984460025774077,148.3748467761706,133.7783770531993
fuji_apple,fuji_apple_139.jpg,3,0.45221625589334236,143.91736346779552,105.751303222195
fuji_apple,fuji_apple_139.jpg,4,0.398686936832786,163.9712,162.9712
fuji_apple,fuji_apple_064.jpg,1,0.23761956772119341,121.43703671350487,74.93191404397633
fuji_apple,fuji_apple_064.jpg,2,0.5824677547254443,131.52182284980745,132.80487804878047
fuji_apple,fuji_apple_146.jpg,1,0.6131773445577178,154.7061797752809,111.6494382022472
fuji_apple,fuji_apple_146.jpg,2,0.5283761310309009,119.55140778776209,74.24879760376551
fuji_apple,fuji_apple_106.jpg,1,0.48918099073106114,125.76160544460295,89.94980385164051
fuji_apple,fuji_apple_106.jpg,2,0.7642175391632439,140.88060438762167,94.93466511695482
fuji_apple,fuji_apple_205.jpg,1,0.28699539750391945,152.43525896414343,151.9800796812749
fuji_apple,fuji_apple_205.jpg,2,0.544607365606135,204.97773972602738,96.58219178082192
fuji_apple,fuji_apple_205.jpg,3,0.28188825048341964,148.17329193806944,73.51919603904142
fuji_apple,fuji_apple_047.jpg,1,0.3744226387978347,138.28875459800315,138.40961639516553
fuji_apple,fuji_apple_047.jpg,2,0.3984821265202808,118.06560605594362,109.70677293288611
fuji_apple,fuji_apple_047.jpg,3,0.4014639237068918,144.4721189591078,144.4721189591078
fuji_apple,fuji_apple_008.jpg,1,0.5166499134203126,139.47720098211153,130.4398456681866
fuji_apple,fuji_apple_008.jpg,2,0.3805491537608803,110.47281482924065,75.63879397340793
fuji_apple,fuji_apple_077.jpg,1,0.540638593742596,149.68705035971223,145.6294964028777
fuji_apple,fuji_apple_077.jpg,2,0.6654884955169692,130.96883284158815,82.16004433195046
fuji_apple,fuji_apple_012.jpg,1,0.47580940752262735,119.03450754852625,120.03450754852625
fuji_apple,fuji_apple_012.jpg,2,0.49191808742450693,122.96604600219058,118.26478641840087
fuji_apple,fuji_apple_012.jpg,3,0.3294274579399705,98.33577856025039,66.97337962962963
fuji_apple,fuji_apple_012.jpg,4,0.5104201091809429,124.18407079646018,124.18407079646018
fuji_apple,fuji_apple_144.jpg,1,0.46730963194058267,139.43092298647855,86.19400352733686
fuji_apple,fuji_apple_075.jpg,1,0.24342788209478022,117.41074723968596,75.26218760751931
fuji_apple,fuji_apple_024.jpg,1,0.4829040915144613,118.47477931904162,118.47477931904162
fuji_apple,fuji_apple_024.jpg,2,0.4438882202582887,123.39382448537377,120.1430119176598
fuji_apple,fuji_apple_024.jpg,3,0.31990241259294466,101.99131491768381,66.45158019372961
fuji_apple,fuji_apple_099.jpg,1,0.7365691063881794,151.06621704475782,118.18700183936235
fuji_apple,fuji_apple_099.jpg,2,0.09782936058668175,113.23724608166633,63.40288268199629
fuji_apple,fuji_apple_099.jpg,3,0.7413595107071896,150.396292004635,135.30011587485515
fuji_apple,fuji_apple_099.jpg,4,0.5737670457791888,124.8270017533606,103.26709526592636
fuji_apple,fuji_apple_099.jpg,5,0.6985527001372774,163.10041592394535,65.26530005941771
fuji_apple,fuji_apple_010.jpg,1,0.5397439797054067,128.11793611793613,123.004914004914
fuji_apple,fuji_apple_010.jpg,2,0.7844588678430066,109.80236375574523,105.65561391989493
fuji_apple,fuji_apple_010.jpg,3,0.4935718785221868,96.59528624224252,68.46590195941705
fuji_apple,fuji_apple_136.jpg,1,0.19091255698937806,142.28546940928268,141.24498945147678
fuji_apple,fuji_apple_136.jpg,2,0.24880196097608107,137.16910078595893,93.54615101847908
fuji_apple,fuji_apple_025.jpg,1,0.44766860282265675,123.2301824212272,123.25273631840795
fuji_apple,fuji_apple_025.jpg,2,0.49452199172661077,127.50554561717352,124.98103756708407
fuji_apple,fuji_apple_025.jpg,3,0.47342350607164807,113.07990932275432,80.25573071244277
fuji_apple,fuji_apple_025.jpg,4,0.36826915176084424,131.8517397881997,131.80635400907715
fuji_apple,fuji_apple_038.jpg,1,0.38468515876529097,131.6933514246947,130.7618724559023
fuji_apple,fuji_apple_038.jpg,2,0.4863639024837887,132.9467869222097,121.74160090191657
fuji_apple,fuji_apple_038.jpg,3,0.5527703341531544,119.8006993006993,122.87237762237763
fuji_apple,fuji_apple_038.jpg,4,0.2732108844872665,112.55044204516922,79.43322408848833
fuji_apple,fuji_apple_038.jpg,5,0.4030085396849072,133.70530344450518,132.56424275560414
fuji_apple,fuji_apple_162.jpg,1,0.22456845676843606,165.42430576291432,169.01731860256794
fuji_apple,fuji_apple_162.jpg,2,0.5109900294467072,171.713268032057,172.73642030276045
fuji_apple,fuji_apple_162.jpg,3,0.20549231414212807,156.08542914542952,134.2891011570371
fuji_apple,fuji_apple_162.jpg,4,0.37685873570926653,172.0804248861912,173.09559939301974
fuji_apple,fuji_apple_031.jpg,1,0.4407027279125166,122.97799696509864,122.98937784522003
fuji_apple,fuji_apple_031.jpg,2,0.43708734323472787,123.11528021714834,115.66421842567459
fuji_apple,fuji_apple_031.jpg,3,0.7220846771346825,113.1413087113609,101.89522280208752
fuji_apple,fuji_apple_031.jpg,4,0.6233190465855306,94.57012680367293,72.25178836904242
fuji_apple,fuji_apple_031.jpg,5,0.5797106637322743,128.61735261401557,127.82647385984427
fuji_apple,fuji_apple_015.jpg,1,0.4500436541404346,120.70046082949308,120.76405529953917
fuji_apple,fuji_apple_015.jpg,2,0.4881791283603779,124.09858267716535,121.6979527559055
fuji_apple,fuji_apple_015.jpg,3,0.4541591423426952,97.51532943047613,72.41357314473284
fuji_apple,fuji_apple_015.jpg,4,0.37320216534221334,107.20914577530175,76.60470553123756
fuji_apple,fuji_apple_026.jpg,1,0.4040158686563807,123.12617924528303,123.02555031446542
fuji_apple,fuji_apple_026.jpg,2,0.4956131654314547,128.2067714631197,123.31076178960097
fuji_apple,fuji_apple_026.jpg,3,0.5774621763144221,109.07995249277944,73.7622074661916
fuji_apple,fuji_apple_086.jpg,1,0.6869388318363121,145.55120907399896,107.81961091453266
fuji_apple,fuji_apple_210.jpg,1,0.15953532811665697,166.13979007633588,161.02480916030532
fuji_apple,fuji_apple_210.jpg,2,0.385996821728721,165.0357824741589,136.1605602738824
fuji_apple,fuji_apple_210.jpg,3,0.4311626281104489,176.6382070437567,176.01387406616863
fuji_apple,fuji_apple_140.jpg,1,0.45127409473709595,141.5092285849503,139.80028395646
fuji_apple,fuji_apple_140.jpg,2,0.5056330795725279,135.95720583030342,87.1728820103607
fuji_apple,fuji_apple_156.jpg,1,0.48897271678104093,155.23687752355318,151.26917900403768
fuji_apple,fuji_apple_156.jpg,2,0.210551601696371,130.25586478690124,89.64678015682769
fuji_apple,fuji_apple_201.jpg,1,0.41549851861735576,154.23469689793984,145.99097205777883
fuji_apple,fuji_apple_201.jpg,2,0.48637765073831274,167.22850386930352,156.96195184866724
fuji_apple,fuji_apple_201.jpg,3,0.7787758598223793,151.2673937570515,127.3644227153065
fuji_apple,fuji_apple_201.jpg,4,0.23541651402949249,140.61600979305962,94.16057053869575
fuji_apple,fuji_apple_201.jpg,5,0.38218811157629423,162.25777777777776,161.25777777777776
fuji_apple,fuji_apple_061.jpg,1,0.396452607801291,131.37007874015748,131.13160854893138
fuji_apple,fuji_apple_061.jpg,2,0.5676910743363227,123.2905634643253,75.44910067342938
fuji_apple,fuji_apple_061.jpg,3,0.5677224367279387,118.14118605408927,78.67334636689475
fuji_apple,fuji_apple_202.jpg,1,0.6511501624268624,151.05898123324397,131.42537980339588
fuji_apple,fuji_apple_202.jpg,2,0.3092690343412747,146.13733015956174,94.31741512249012
fuji_apple,fuji_apple_202.jpg,3,0.5434791859476108,153.25134737873591,130.7329740323371
fuji_apple,fuji_apple_028.jpg,1,0.4550394154136126,119.02202247191012,119.26921348314607
fuji_apple,fuji_apple_028.jpg,2,0.508327931313809,124.271497162811,119.7926669576604
fuji_apple,fuji_apple_028.jpg,3,0.6444268751146808,96.64313146678313,69.79711432745455
fuji_apple,fuji_apple_002.jpg,1,0.541103299326968,140.3937035115032,133.29026120048434
fuji_apple,fuji_apple_002.jpg,2,0.27366610613523573,116.41910295670078,82.85297633068984
fuji_apple,fuji_apple_002.jpg,3,0.5431103347473913,129.09370579915134,104.32567185289957
fuji_apple,fuji_apple_211.jpg,1,0.33224602446097745,157.85236147266642,156.53663071773892
fuji_apple,fuji_apple_211.jpg,2,0.4374039466450658,154.68630532036823,102.48785447554258
fuji_apple,fuji_apple_119.jpg,1,0.5001508053113439,118.93588404492938,81.37690218701292
fuji_apple,fuji_apple_119.jpg,2,0.4585643013102691,101.66324136636636,54.102360172672675
fuji_apple,fuji_apple_119.jpg,3,0.6797886388933913,113.89877300613497,100.4160823838738
fuji_apple,fuji_apple_021.jpg,1,0.5034314479890534,121.59431383269546,121.59431383269546
fuji_apple,fuji_apple_021.jpg,2,0.5045056580218188,126.51878678134902,122.3607967406066
fuji_apple,fuji_apple_021.jpg,3,0.73315992777442,97.45912376096655,72.182868455666
fuji_apple,fuji_apple_200.jpg,1,0.29128232038710544,146.43693693693695,146.5828828828829
fuji_apple,fuji_apple_200.jpg,2,0.5491828467292221,148.50380761523047,123.425250501002
fuji_apple,fuji_apple_200.jpg,3,0.20041528142658074,136.08918371318353,88.90080014652183
fuji_apple,fuji_apple_130.jpg,1,0.48980455736921125,152.7089552238806,147.6240671641791
fuji_apple,fuji_apple_130.jpg,2,0.16619582132835603,137.11087797612186,91.08026248437866
fuji_apple,fuji_apple_191.jpg,1,0.4372047850005987,178.30008126777733,111.67411621292158
fuji_apple,fuji_apple_191.jpg,2,0.35225576305955797,132.46399482109229,78.46860287193974
fuji_apple,fuji_apple_089.jpg,1,0.4114102826561886,128.00204073373916,79.91055458240113
fuji_apple,fuji_apple_089.jpg,2,0.6199302071512883,159.53703703703704,136.32047325102883
fuji_apple,fuji_apple_076.jpg,1,0.4995434323536044,134.3765457241076,78.49456654556118
fuji_apple,fuji_apple_111.jpg,1,0.17299544962212163,123.9440409572568,76.65726645462328
fuji_apple,fuji_apple_068.jpg,1,0.5612243382362617,117.82473045441716,67.78954558283941
fuji_apple,fuji_apple_066.jpg,1,0.24223993088565374,133.95245231161863,86.11469423813107
fuji_apple,fuji_apple_066.jpg,2,0.5013907125555684,138.64820031298905,123.856338028169
fuji_apple,fuji_apple_208.jpg,1,0.37142191072024683,154.26984126984127,153.1050642479214
fuji_apple,fuji_apple_208.jpg,2,0.5768266500378684,150.830608627142,90.0456568839866
fuji_apple,fuji_apple_208.jpg,3,0.4977783665439984,139.10632816231922,81.62890860539237
fuji_apple,fuji_apple_052.jpg,1,0.35413180957751134,130.8061607813674,132.01577761081893
fuji_apple,fuji_apple_052.jpg,2,0.3499962722650874,119.20601892259889,77.75953985266906
fuji_apple,fuji_apple_052.jpg,3,0.7870049014731084,121.56854838709677,105.63346774193549
fuji_apple,fuji_apple_052.jpg,4,0.5002763137740314,113.29242430116697,79.29880200054278
fuji_apple,fuji_apple_004.jpg,1,0.4112621793712716,91.09703382274267,59.16881055697557
fuji_apple,fuji_apple_004.jpg,2,0.5237172129005931,131.4532065050629,121.94937097269101
fuji_apple,fuji_apple_129.jpg,1,0.2482473228514393,133.02629340892983,84.11247342310419
fuji_apple,fuji_apple_129.jpg,2,0.5778776854476776,152.15636363636364,147.42909090909092
fuji_apple,fuji_apple_108.jpg,1,0.42468808328131175,117.45964865346889,69.22632423756019
fuji_apple,fuji_apple_112.jpg,1,0.3785948330622793,127.65301571211353,73.50141915864167
fuji_apple,fuji_apple_030.jpg,1,0.3601661535325863,121.4233633869071,122.42963543708349
fuji_apple,fuji_apple_030.jpg,2,0.5174009108314566,124.21295279912184,121.76597145993414
fuji_apple,fuji_apple_030.jpg,3,0.6292299351016178,107.97996692860383,71.14068513396842
fuji_apple,fuji_apple_030.jpg,4,0.33060713620956084,128.48969072164948,128.48969072164948
fuji_apple,fuji_apple_105.jpg,1,0.224560236629876,129.58321445145322,74.40934325638955
fuji_apple,fuji_apple_105.jpg,2,0.6627994687489186,145.13758723828514,120.66949152542372
fuji_apple,fuji_apple_082.jpg,1,0.8327140377977948,126.69241341396372,123.16437603078616
fuji_apple,fuji_apple_082.jpg,2,0.35655049994372434,117.92285033739161,72.09306039890133
fuji_apple,fuji_apple_109.jpg,1,0.8098099604812987,131.2051282051282,122.34212454212454
fuji_apple,fuji_apple_109.jpg,2,0.20165227246417397,136.56205910515038,90.36774294405399
fuji_apple,fuji_apple_193.jpg,1,0.5143183399001494,129.50007475597513,102.47647322668148
fuji_apple,fuji_apple_193.jpg,2,0.7993639111100157,181.4314465408805,125.53396226415094
fuji_apple,fuji_apple_193.jpg,3,0.5999601432370314,148.59344917357873,85.98020221589877
fuji_apple,fuji_apple_107.jpg,1,0.23551296099215466,139.39167707832772,90.65690533397405
fuji_apple,fuji_apple_194.jpg,1,0.6956327728925072,134.42670157068062,119.24171029668412
fuji_apple,fuji_apple_194.jpg,2,0.5788634378928167,136.10444343637266,83.3615665435379
fuji_apple,fuji_apple_194.jpg,3,0.42516910259980384,151.36818907697221,87.93494091344618
fuji_apple,fuji_apple_114.jpg,1,0.5428389994915341,154.5140350877193,153.59122807017545
fuji_apple,fuji_apple_114.jpg,2,0.7318247956065664,139.82305194805195,123.21428571428572
fuji_apple,fuji_apple_114.jpg,3,0.27206544149364065,134.43353090601187,92.2270413230052
fuji_apple,fuji_apple_184.jpg,1,0.4237118373837194,145.01613825411755,80.93463545989414
fuji_apple,fuji_apple_184.jpg,2,0.7900059836966561,152.90726006961708,125.7135753356539
fuji_apple,fuji_apple_184.jpg,3,0.2484926521990892,152.39723351707687,102.78973415094516
fuji_apple,fuji_apple_145.jpg,1,0.1752879353003609,157.72482269503547,157.74609929078014
fuji_apple,fuji_apple_145.jpg,2,0.7879444065526432,129.69262865090403,125.13908205841446
fuji_apple,fuji_apple_145.jpg,3,0.43154924367431013,137.34407498401373,113.92550398815332
fuji_apple,fuji_apple_145.jpg,4,0.4899371224991455,164.55166051660515,163.929889298893
fuji_apple,fuji_apple_073.jpg,1,0.2585262810451712,130.4526217559081,98.84382119767628
fuji_apple,fuji_apple_073.jpg,2,0.7241824574629152,137.67407407407407,124.56467236467236
fuji_apple,fuji_apple_023.jpg,1,0.4960330560124237,117.92186429061002,117.92186429061002
fuji_apple,fuji_apple_023.jpg,2,0.4666747194731817,136.49269717624148,88.23369036027265
fuji_apple,fuji_apple_023.jpg,3,0.534842043748395,100.86528803798228,64.27117220574877
fuji_apple,fuji_apple_023.jpg,4,0.4805355534810522,123.27325581395348,119.21802325581395
fuji_apple,fuji_apple_212.jpg,1,0.3259906564345866,158.175301908843,156.91118036618622
fuji_apple,fuji_apple_212.jpg,2,0.602631873497449,151.0699896694215,116.33186983471074
fuji_apple,fuji_apple_212.jpg,3,0.46017125064888703,140.70836896109446,97.02378153056861
fuji_apple,fuji_apple_072.jpg,1,0.3373501000712593,130.81213106055583,95.23983551104331
fuji_apple,fuji_apple_147.jpg,1,0.14715133368282077,144.609826008247,137.744895906668
fuji_apple,fuji_apple_147.jpg,2,0.7017439389441644,139.7136524822695,132.53058510638297
fuji_apple,fuji_apple_147.jpg,3,0.5313622848921522,132.66893920947973,86.82738414089765
fuji_apple,fuji_apple_147.jpg,4,0.45218599715680047,156.11320754716982,155.11320754716982
fuji_apple,fuji_apple_118.jpg,1,0.25801431972146127,119.67114428388163,68.73286966847256
fuji_apple,fuji_apple_118.jpg,2,0.3181954535579946,116.46848178628952,93.99949253138583
fuji_apple,fuji_apple_118.jpg,3,0.7273474362158014,120.88420585625555,123.02750665483585
fuji_apple,fuji_apple_122.jpg,1,0.48167097813497683,154.29710711493354,147.0
fuji_apple,fuji_apple_122.jpg,2,0.742682821839748,126.91219338784215,128.79132598649127
fuji_apple,fuji_apple_122.jpg,3,0.268129332238974,124.68178212585933,91.27124537281861
fuji_apple,fuji_apple_122.jpg,4,0.7580240057385959,129.11888431641518,107.8774577046182
fuji_apple,fuji_apple_122.jpg,5,0.7254762541358385,146.7586025742054,128.54189650643553
fuji_apple,fuji_apple_178.jpg,1,0.5465121617305648,113.18716502115655,91.74668547249647
fuji_apple,fuji_apple_178.jpg,2,0.17208136208885205,144.96074750610688,118.23861352779082
fuji_apple,fuji_apple_178.jpg,3,0.3715529788424698,161.95052365474902,161.7417840375587
fuji_apple,fuji_apple_042.jpg,1,0.4632898725225129,133.5364906832298,133.91537267080744
fuji_apple,fuji_apple_042.jpg,2,0.4788690993550856,140.93119810201662,135.1767497034401
fuji_apple,fuji_apple_042.jpg,3,0.1807588390701189,115.21369880851618,86.82851097076633
fuji_apple,fuji_apple_081.jpg,1,0.4954265345340102,119.56122816959454,74.11000635378565
fuji_apple,fuji_apple_079.jpg,1,0.3552440562668331,110.76427344923803,73.04228375187809
fuji_apple,fuji_apple_102.jpg,1,0.21893058348289782,131.3714257964258,95.35838513338514
fuji_apple,fuji_apple_207.jpg,1,0.18673193165494448,132.90192113245703,129.73791708796765
fuji_apple,fuji_apple_207.jpg,2,0.2621234772326079,141.94374112751103,85.97632058287796
fuji_apple,fuji_apple_207.jpg,3,0.6511979556781103,173.50760286225403,134.8448121645796
fuji_apple,fuji_apple_056.jpg,1,0.39835548863243386,123.22317596566523,123.14763948497854
fuji_apple,fuji_apple_056.jpg,2,0.598566286781768,111.62008835154616,106.32573820041851
fuji_apple,fuji_apple_056.jpg,3,0.30293350210481895,101.28106118861913,60.39182824343623
fuji_apple,fuji_apple_056.jpg,4,0.5232114862388115,123.56805807622503,105.97251750064817
fuji_apple,fuji_apple_070.jpg,1,0.48756777707084775,140.37761555050417,92.6669872355307
fuji_apple,fuji_apple_070.jpg,2,0.582550817957547,140.03290526095472,72.9077576283096
fuji_apple,fuji_apple_085.jpg,1,0.7316862234236152,179.41017197219173,118.30296377607024
fuji_apple,fuji_apple_085.jpg,2,0.6938043268185766,148.66875661591075,99.69534239882746
fuji_apple,fuji_apple_085.jpg,3,0.7173880529494128,159.0,128.11180308422303
fuji_apple,fuji_apple_085.jpg,4,0.5730620898154681,143.43087949879126,103.69110286356363
fuji_apple,fuji_apple_196.jpg,1,0.24499803966667136,135.33036250879098,73.88007160667476
fuji_apple,fuji_apple_009.jpg,1,0.5269236067107052,137.4263524370648,129.99892876272094
fuji_apple,fuji_apple_009.jpg,2,0.3549511709468037,110.19285642519843,75.01872132355403
fuji_apple,fuji_apple_173.jpg,1,0.2932150890753313,143.59183827411934,93.28675416760956
fuji_apple,fuji_apple_117.jpg,1,0.4718009546376626,152.32267884322678,152.31811263318113
fuji_apple,fuji_apple_117.jpg,2,0.35167954144035246,131.79270047036385,92.88787237137731
fuji_apple,fuji_apple_181.jpg,1,0.21722863018333985,141.6994557377844,89.48130841121495
fuji_apple,fuji_apple_164.jpg,1,0.31707562978352033,141.26566093357366,89.16781062146491
fuji_apple,fuji_apple_133.jpg,1,0.23746032938206038,150.30269058295966,150.30269058295966
fuji_apple,fuji_apple_133.jpg,2,0.4621119428454032,152.19245573518089,147.21709006928407
fuji_apple,fuji_apple_133.jpg,3,0.21239724839170393,134.6712673931535,93.34731740198046
fuji_apple,fuji_apple_190.jpg,1,0.6161907880190708,159.20417168070597,126.4785399117529
fuji_apple,fuji_apple_190.jpg,2,0.5687252502378991,139.06125685364825,86.58697595951075
fuji_apple,fuji_apple_016.jpg,1,0.4815065829871263,118.02857142857144,118.02773109243698
fuji_apple,fuji_apple_016.jpg,2,0.6149893691180214,100.93650793650794,86.87301587301587
fuji_apple,fuji_apple_016.jpg,3,0.2385077437785788,104.01730991009147,70.81194227044216
fuji_apple,fuji_apple_016.jpg,4,0.5224862605069698,123.101644245142,117.41828599900349
fuji_apple,fuji_apple_016.jpg,5,0.23173209703560854,123.96621621621621,123.73710073710073
fuji_apple,fuji_apple_161.jpg,1,0.22820370156125191,156.78607467204844,160.4752774974773
fuji_apple,fuji_apple_161.jpg,2,0.5231936789393457,161.4479717813051,163.2222222222222
fuji_apple,fuji_apple_161.jpg,3,0.6113094514073131,150.2534919813761,137.1852043455768
fuji_apple,fuji_apple_161.jpg,4,0.4305343765187874,148.00041982367406,102.03172667479659
fuji_apple,fuji_apple_161.jpg,5,0.4912858847705358,143.2656464090727,104.78871814329982
fuji_apple,fuji_apple_029.jpg,1,0.43596740959813557,112.60936537276649,112.60936537276649
fuji_apple,fuji_apple_029.jpg,2,0.5575404278289824,119.06010137581463,115.3062997827661
fuji_apple,fuji_apple_029.jpg,3,0.23833503270639772,92.97507474348295,56.24478409949439
fuji_apple,fuji_apple_094.jpg,1,0.4740809927736734,134.99876356862998,78.26687648532341
fuji_apple,fuji_apple_094.jpg,2,0.3157105568412244,138.41257990103716,100.08042050397084
fuji_apple,fuji_apple_209.jpg,1,0.3638703341992236,129.3013879709187,125.3723287067636
fuji_apple,fuji_apple_209.jpg,2,0.24772509097537532,133.95204805303283,78.60329646359045
fuji_apple,fuji_apple_209.jpg,3,0.7341030381533249,120.86178861788618,98.54336043360433
fuji_apple,fuji_apple_209.jpg,4,0.7966942609295161,138.1503846153846,127.87961538461539
fuji_apple,fuji_apple_151.jpg,1,0.457870010055137,157.12578893145422,147.93885593686548
fuji_apple,fuji_apple_151.jpg,2,0.7850148437429947,141.59259259259258,146.84132171387074
fuji_apple,fuji_apple_151.jpg,3,0.5162951768016031,136.13821321563196,103.57764425400303
fuji_apple,fuji_apple_151.jpg,4,0.4971263206903195,167.1245,166.7415
fuji_apple,fuji_apple_014.jpg,1,0.43011614725185937,118.75528098844161,118.53766440813074
fuji_apple,fuji_apple_014.jpg,2,0.5011265966442333,123.98533998752339,121.05614472863381
fuji_apple,fuji_apple_014.jpg,3,0.3811380229482559,99.512297962052,70.96788638480773
fuji_apple,fuji_apple_014.jpg,4,0.43358626368788744,125.45539033457248,125.98698884758363
fuji_apple,fuji_apple_198.jpg,1,0.2547824210749446,154.41887062187277,154.2008577555397
fuji_apple,fuji_apple_198.jpg,2,0.3543304609657295,141.5579701347578,84.3562843615047
fuji_apple,fuji_apple_039.jpg,1,0.38342904854175425,138.97174770039422,138.69743758212877
fuji_apple,fuji_apple_039.jpg,2,0.5028765400987036,145.7195177434031,136.67766151046408
fuji_apple,fuji_apple_039.jpg,3,0.6747610714523126,128.4643446244477,97.54287187039765
fuji_apple,fuji_apple_039.jpg,4,0.3528213636475477,145.8350116189001,144.92873741285825
fuji_apple,fuji_apple_069.jpg,1,0.5263603033826444,136.41056930253578,86.0314754733427
fuji_apple,fuji_apple_143.jpg,1,0.5220588745927455,140.266816107852,101.83467671420168
fuji_apple,fuji_apple_179.jpg,1,0.1817100536828423,142.52885000784204,102.74822973122122
fuji_apple,fuji_apple_098.jpg,1,0.7093081248248193,150.94536525475752,117.50337630448126
fuji_apple,fuji_apple_098.jpg,2,0.13482326489238375,109.35535622742373,63.471083098495555
fuji_apple,fuji_apple_098.jpg,3,0.5341848740726227,122.48098859315589,112.55209125475284
fuji_apple,fuji_apple_098.jpg,4,0.5631867142476922,124.08821752265861,102.63746223564955
fuji_apple,fuji_apple_083.jpg,1,0.6546321742742135,174.38849981570218,108.39955768521932
fuji_apple,fuji_apple_083.jpg,2,0.3210056743996224,137.88655158705717,94.30902402562135
fuji_apple,fuji_apple_141.jpg,1,0.21769971257597287,155.85783029786197,150.26493878296887
fuji_apple,fuji_apple_141.jpg,2,0.5322975532185606,170.45641025641027,171.0551282051282
fuji_apple,fuji_apple_141.jpg,3,0.32940741697575854,146.3815037043297,113.96546381588213
fuji_apple,fuji_apple_141.jpg,4,0.37116675918535513,166.38257357184074,165.5672244662435
fuji_apple,fuji_apple_167.jpg,1,0.629909319929842,150.74145785876993,107.4624145785877
fuji_apple,fuji_apple_167.jpg,2,0.26350897100747805,133.95455531760334,75.56236497259357
fuji_apple,fuji_apple_011.jpg,1,0.41183623496142135,112.82569832402234,113.82569832402234
fuji_apple,fuji_apple_011.jpg,2,0.45505447165589646,114.41539763113367,110.90947546531302
fuji_apple,fuji_apple_011.jpg,3,0.15445929909657774,99.15916350446153,58.92872365034132
fuji_apple,fuji_apple_011.jpg,4,0.6860950896014847,127.67870036101083,93.65080406957662
fuji_apple,fuji_apple_011.jpg,5,0.7968632818814275,111.8467956010618,101.18998862343572
fuji_apple,fuji_apple_169.jpg,1,0.566453402462284,135.5230541707416,74.77880876845646
fuji_apple,fuji_apple_169.jpg,2,0.5294628170949227,152.34657836644593,116.50993377483444
fuji_apple,fuji_apple_169.jpg,3,0.24538360014248609,140.70374522146534,93.1742021404003
fuji_apple,fuji_apple_048.jpg,1,0.44603661453163823,132.5542611894543,132.5542611894543
fuji_apple,fuji_apple_048.jpg,2,0.3640312370825458,116.52587979107341,76.84070109183938
fuji_apple,fuji_apple_204.jpg,1,0.2601484046740733,141.1318923687693,140.54124393471548
fuji_apple,fuji_apple_204.jpg,2,0.33891604863594366,139.70290054132667,96.6963561444615
fuji_apple,fuji_apple_035.jpg,1,0.36768250410953884,134.41584731058416,134.41700404858298
fuji_apple,fuji_apple_035.jpg,2,0.46827132482607936,137.12178387650084,126.4532590051458
fuji_apple,fuji_apple_035.jpg,3,0.4068858940250458,113.47265853133743,82.442919497126
fuji_apple,fuji_apple_035.jpg,4,0.4256063447278437,139.48257839721254,138.48257839721254
fuji_apple,fuji_apple_150.jpg,1,0.161611980269613,138.5724792610964,134.62464722483537
fuji_apple,fuji_apple_150.jpg,2,0.17737826115570027,135.81842035310964,106.50723283113675
fuji_apple,fuji_apple_150.jpg,3,0.3419444322106068,188.47081712062257,150.03696498054475
fuji_apple,fuji_apple_150.jpg,4,0.38034442927120216,158.30779392338178,157.30779392338178
fuji_apple,fuji_apple_158.jpg,1,0.2650572532332128,120.26911050769357,63.1025775528676
fuji_apple,fuji_apple_058.jpg,1,0.3840334711848963,125.69174161896976,125.80866721177433
fuji_apple,fuji_apple_058.jpg,2,0.2520168997034183,112.50686663160874,60.294516807572506
fuji_apple,fuji_apple_058.jpg,3,0.49809663708575674,116.13022351797862,92.5098801425332
fuji_apple,fuji_apple_171.jpg,1,0.7060166351673869,159.11229611041404,103.34473023839396
fuji_apple,fuji_apple_171.jpg,2,0.13733237909771667,139.94407495442272,89.08279140608774
fuji_apple,fuji_apple_062.jpg,1,0.7752703838165672,145.973708068903,135.1310063463282
fuji_apple,fuji_apple_062.jpg,2,0.5829420751816903,119.87132815390306,91.21416944136145
fuji_apple,fuji_apple_104.jpg,1,0.5253824674621995,140.53413024916557,93.77753628813166
fuji_apple,fuji_apple_104.jpg,2,0.45077889234587315,139.7270362439527,100.47077484336585
fuji_apple,fuji_apple_087.jpg,1,0.26992623739058635,137.5474650698603,80.98412175648703
fuji_apple,fuji_apple_019.jpg,1,0.4831183143182083,113.57112750263434,113.57112750263434
fuji_apple,fuji_apple_019.jpg,2,0.6017587796341418,119.65060240963854,114.95883534136546
fuji_apple,fuji_apple_019.jpg,3,0.6125383627441214,86.81195277447183,51.531583329142705
fuji_apple,fuji_apple_183.jpg,1,0.22385626013862095,129.42746388712868,80.40768425000323
fuji_apple,fuji_apple_032.jpg,1,0.43450773786633434,124.70313695485845,124.99196633511859
fuji_apple,fuji_apple_032.jpg,2,0.49347133773173296,124.80539772727273,117.94239267676768
fuji_apple,fuji_apple_032.jpg,3,0.3469266353343492,103.50245634135334,76.69090025344582
fuji_apple,fuji_apple_032.jpg,4,0.4905036933606412,129.81405405405405,129.7827027027027
fuji_apple,fuji_apple_199.jpg,1,0.10897771955779148,157.6098435073468,157.4037749372835
fuji_apple,fuji_apple_199.jpg,2,0.3846043085488743,145.79053900016282,104.45559355153884
fuji_apple,fuji_apple_199.jpg,3,0.5163939415040623,165.65718799368088,164.6398104265403
fuji_apple,fuji_apple_100.jpg,1,0.1927783891636554,120.96700152934824,73.07654161187533
fuji_apple,fuji_apple_022.jpg,1,0.4638717678816105,116.31147540983606,116.46885245901639
fuji_apple,fuji_apple_022.jpg,2,0.42836235973660985,120.81208499335989,120.40836653386454
fuji_apple,fuji_apple_022.jpg,3,0.29580794034087077,96.74416602083872,60.12145871006631
fuji_apple,fuji_apple_027.jpg,1,0.5220287144974182,117.8904347826087,117.81623188405797
fuji_apple,fuji_apple_027.jpg,2,0.47779875403545236,124.35837438423646,120.15024630541872
fuji_apple,fuji_apple_027.jpg,3,0.6703691559016902,100.46932875465939,59.558495494702235
fuji_apple,fuji_apple_103.jpg,1,0.6435826734442747,121.35201290217213,85.97435897435898
fuji_apple,fuji_apple_103.jpg,2,0.15278025412227136,133.38811489097762,88.89317238417864
fuji_apple,fuji_apple_103.jpg,3,0.7045180188573917,143.8041468198375,127.75819557298964
fuji_apple,fuji_apple_206.jpg,1,0.34083739931980883,136.30314232902032,136.0854898336414
fuji_apple,fuji_apple_206.jpg,2,0.1583867486995474,136.21988659231823,94.19224283305228
fuji_apple,fuji_apple_170.jpg,1,0.7437385632029073,145.03194229778467,115.13086038124679
fuji_apple,fuji_apple_170.jpg,2,0.2821038522348152,139.02126278201592,77.25122313168086
fuji_apple,fuji_apple_172.jpg,1,0.22031939679268098,135.90001512261514,73.82730949163621
fuji_apple,fuji_apple_091.jpg,1,0.5604050288470619,141.05768814711791,80.64527893679494
fuji_apple,fuji_apple_013.jpg,1,0.4818956136440867,116.202486678508,116.20337477797514
fuji_apple,fuji_apple_013.jpg,2,0.468307331466191,120.88375634517767,116.74111675126905
fuji_apple,fuji_apple_013.jpg,3,0.6162028343419369,90.51092436974791,86.28991596638656
fuji_apple,fuji_apple_013.jpg,4,0.27678457233036824,95.88399146412857,59.345092188670456
fuji_apple,fuji_apple_007.jpg,1,0.5492349982249201,136.93005415162455,128.22247292418774
fuji_apple,fuji_apple_007.jpg,2,0.41948499927311655,113.11856175888506,59.56012905586323
fuji_apple,fuji_apple_054.jpg,1,0.4537594058506184,127.02250957854406,126.31513409961686
fuji_apple,fuji_apple_054.jpg,2,0.25877388218744635,111.49932137803575,72.69701695111034
fuji_apple,fuji_apple_142.jpg,1,0.18758486091130025,154.350890830509,147.61161033549953
fuji_apple,fuji_apple_142.jpg,2,0.36019056120758103,148.13512284633248,98.06813789967686
fuji_apple,fuji_apple_142.jpg,3,0.37254700733252905,163.7941640378549,162.7941640378549
fuji_apple,fuji_apple_182.jpg,1,0.23982488954483028,141.90983368436343,74.36395163047426
fuji_apple,fuji_apple_152.jpg,1,0.27331081218538256,139.91008886565604,139.13643491897543
fuji_apple,fuji_apple_152.jpg,2,0.5595457791086235,149.11009174311928,140.5275229357798
fuji_apple,fuji_apple_152.jpg,3,0.7366389767285415,127.99743342957973,123.0641642605069
fuji_apple,fuji_apple_152.jpg,4,0.2512093903496787,124.39422225849178,72.37387712569287
fuji_apple,fuji_apple_154.jpg,1,0.37338802634102486,126.90101110558595,60.227067793800764
fuji_apple,fuji_apple_067.jpg,1,0.2610826842700172,120.49834638527564,77.13292518361207
fuji_apple,fuji_apple_084.jpg,1,0.4672880066639474,142.63206327711438,84.5636464360458
fuji_apple,fuji_apple_149.jpg,1,0.376761890315099,133.26765475152573,129.7384481255449
fuji_apple,fuji_apple_149.jpg,2,0.4101764204398124,131.63901823113255,105.74015458717741
fuji_apple,fuji_apple_149.jpg,3,0.4770116924989969,154.13893376413571,153.93214862681745
fuji_apple,fuji_apple_121.jpg,1,0.47053975239050916,149.9066011235955,143.13623595505618
fuji_apple,fuji_apple_121.jpg,2,0.5938855876126906,153.86908358509567,138.65659617321248
fuji_apple,fuji_apple_121.jpg,3,0.4835785821427606,130.18361683930436,87.47999619880262
fuji_apple,fuji_apple_121.jpg,4,0.31066986991890955,119.45003756574005,75.48259454044579
fuji_apple,fuji_apple_121.jpg,5,0.5760899762319878,128.00165258416186,75.21852760082096
fuji_apple,fuji_apple_088.jpg,1,0.6855665744484248,142.14904458598724,99.37720594479829
fuji_apple,fuji_apple_088.jpg,2,0.6413674363276227,146.72416079330077,115.67560283074617
fuji_apple,fuji_apple_116.jpg,1,0.36773317746017936,120.33752860411899,86.17525764586013
fuji_apple,fuji_apple_116.jpg,2,0.7721043080033636,124.82388316151203,126.17439862542955
fuji_apple,fuji_apple_059.jpg,1,0.39302402646275353,125.9601226993865,126.0521472392638
fuji_apple,fuji_apple_059.jpg,2,0.31746414504194,107.9721681864235,66.30487335359676
fuji_apple,fuji_apple_160.jpg,1,0.453895794600982,165.342663273961,167.342663273961
fuji_apple,fuji_apple_160.jpg,2,0.800378386643107,143.68894771674388,147.55129053606882
fuji_apple,fuji_apple_160.jpg,3,0.5586908553900998,140.45232321272675,119.30161347689722
fuji_apple,fuji_apple_192.jpg,1,0.5996900582944799,163.00127251759653,113.17795363264008
fuji_apple,fuji_apple_192.jpg,2,0.6226206133952306,158.02066398358335,114.95342252199227
fuji_apple,fuji_apple_187.jpg,1,0.3039802321479008,140.78010635267307,92.28040072167884
fuji_apple,fuji_apple_187.jpg,2,0.46790116021104156,141.51285292878214,128.2313527180784
fuji_apple,fuji_apple_065.jpg,1,0.4756489825911587,120.1514304417827,72.22211213531254
fuji_apple,fuji_apple_123.jpg,1,0.49217148214629464,157.42125000000001,149.641875
fuji_apple,fuji_apple_123.jpg,2,0.5918456252539789,140.63789868667916,100.27392120075046
fuji_apple,fuji_apple_123.jpg,3,0.3685334993021828,138.06438358433985,96.11940619977798
fuji_apple,fuji_apple_123.jpg,4,0.5678217968624621,125.5016849884956,98.04208985055895
fuji_apple,fuji_apple_017.jpg,1,0.36463826181285186,119.81862986692953,119.65500246426812
fuji_apple,fuji_apple_017.jpg,2,0.48895770123234883,124.85922974767595,123.85922974767595
fuji_apple,fuji_apple_017.jpg,3,0.7362796593265668,95.9254538431827,90.09926612591734
fuji_apple,fuji_apple_017.jpg,4,0.6674243365428115,94.64469633868106,73.2145004164705
fuji_apple,fuji_apple_055.jpg,1,0.366754550639616,129.11936090225564,128.21945488721803
fuji_apple,fuji_apple_055.jpg,2,0.34653975236686724,122.64386372551978,68.90426687588642
fuji_apple,fuji_apple_177.jpg,1,0.23041739332653385,128.34707137711203,75.3018676852393
fuji_apple,fuji_apple_177.jpg,2,0.44108041068795467,128.8147571952439,66.82972182094308
fuji_apple,fuji_apple_188.jpg,1,0.30030176755547694,155.74338412189255,154.4354450681636
fuji_apple,fuji_apple_188.jpg,2,0.3502417809647731,149.7876565414335,94.0638622435385
fuji_apple,fuji_apple_185.jpg,1,0.3492310445785124,130.41115618330807,76.10051642963035
fuji_apple,fuji_apple_163.jpg,1,0.311351247184638,134.33862663759038,90.9258636803358
fuji_apple,fuji_apple_018.jpg,1,0.46156292045861996,108.8475464506908,108.84421152929966
fuji_apple,fuji_apple_018.jpg,2,0.4476649448989553,87.47932992439691,58.02393575305079
fuji_apple,fuji_apple_018.jpg,3,0.40613903744287594,117.73922413793103,112.67385057471265
fuji_apple,fuji_apple_018.jpg,4,0.1830181624604416,118.94473963868225,116.64187035069075
fuji_apple,fuji_apple_180.jpg,1,0.18981566128759472,151.40154825413802,106.35403106943014
fuji_apple,fuji_apple_180.jpg,2,0.807484056683934,161.4652808491818,125.15877930119417
fuji_apple,fuji_apple_180.jpg,3,0.41631402991578476,172.4298455514466,130.95975636284533
fuji_apple,fuji_apple_131.jpg,1,0.33944249644663005,138.90987490523125,130.97460197119028
fuji_apple,fuji_apple_131.jpg,2,0.5386077461800702,147.89484126984127,139.80753968253967
fuji_apple,fuji_apple_131.jpg,3,0.4851161268532342,128.827804079308,75.23140995977646
fuji_apple,fuji_apple_131.jpg,4,0.4762930377736244,135.55626672685648,80.83099022990358
fuji_apple,fuji_apple_159.jpg,1,0.7532804771640839,181.8580181140117,117.67101758124666
fuji_apple,fuji_apple_159.jpg,2,0.5698541118413735,148.3843284314688,83.0195551018004
fuji_apple,fuji_apple_092.jpg,1,0.2441348680285525,131.7130077736371,73.14736185353186
fuji_apple,fuji_apple_092.jpg,2,0.19963581774239061,72.02246489859594,79.89776391055642
fuji_apple,fuji_apple_092.jpg,3,0.5307158368875091,139.42344827586206,124.24137931034483
fuji_apple,fuji_apple_057.jpg,1,0.34236988576247146,127.82028112449798,127.68022088353412
fuji_apple,fuji_apple_057.jpg,2,0.38766501178602825,112.16315246144913,77.14214465449383
fuji_apple,fuji_apple_049.jpg,1,0.4039453544574155,125.87192429022083,125.73690851735017
fuji_apple,fuji_apple_049.jpg,2,0.15590639959815758,115.30917679763907,74.049202783961
fuji_apple,fuji_apple_095.jpg,1,0.374548257759275,133.026356861368,75.70615318584416
fuji_apple,fuji_apple_095.jpg,2,0.722600123319792,137.5856017191977,116.3656876790831
fuji_apple,fuji_apple_095.jpg,3,0.2582966324184505,124.09177654861456,78.25830777431165
fuji_apple,fuji_apple_127.jpg,1,0.4653212280328492,158.64478371501272,153.90992366412215
fuji_apple,fuji_apple_127.jpg,2,0.6565593897839169,133.54582712369597,127.5171385991058
fuji_apple,fuji_apple_127.jpg,3,0.28010319452171123,134.00631808823653,110.94709643003009
fuji_apple,fuji_apple_127.jpg,4,0.6628468094532817,141.2208121827411,131.81662436548223
fuji_apple,fuji_apple_127.jpg,5,0.46120157175520804,133.34625219448898,113.5637928402412
fuji_apple,fuji_apple_153.jpg,1,0.3064588152774395,156.0677966101695,156.4899845916795
fuji_apple,fuji_apple_153.jpg,2,0.4485024501328143,162.64051005394802,156.5203531142717
fuji_apple,fuji_apple_153.jpg,3,0.6548355764006155,144.06778523489933,129.75436241610737
fuji_apple,fuji_apple_153.jpg,4,0.4027460825163339,144.92037206680288,109.88947220069058
fuji_apple,fuji_apple_189.jpg,1,0.5057258526540692,148.2077872012336,147.91788743253662
fuji_apple,fuji_apple_189.jpg,2,0.3296203307751518,152.8345411781043,98.57473159808713
fuji_apple,fuji_apple_003.jpg,1,0.4741079738234303,102.99459113644295,69.7599162498546
fuji_apple,fuji_apple_003.jpg,2,0.5411737260202987,139.73086290883788,129.4525052192067
fuji_apple,fuji_apple_003.jpg,3,0.21391762077051246,112.88745645045599,86.13585536427912
fuji_apple,fuji_apple_003.jpg,4,0.8326312978401713,122.67003514938487,112.3128295254833
fuji_apple,fuji_apple_176.jpg,1,0.31676021814890754,153.01767955801105,137.45524861878454
fuji_apple,fuji_apple_176.jpg,2,0.2079689232032572,135.61535720225226,82.83795229383954
fuji_apple,fuji_apple_176.jpg,3,0.8165781959906542,139.38857938718664,113.94614670380687
fuji_apple,fuji_apple_126.jpg,1,0.5023862784098898,152.11028037383178,148.71495327102804
fuji_apple,fuji_apple_126.jpg,2,0.47703379779585364,123.59291907653518,94.03142051523871
fuji_apple,fuji_apple_125.jpg,1,0.429740245573914,135.68512786323157,82.1245297395114
fuji_apple,fuji_apple_125.jpg,2,0.47803745386833824,154.83145221971407,149.2099322799097
fuji_apple,fuji_apple_125.jpg,3,0.16438653126189434,134.14853851657332,101.95342358438153
fuji_apple,fuji_apple_125.jpg,4,0.7140497247972387,146.61092896174864,129.0087431693989
fuji_apple,fuji_apple_053.jpg,1,0.42023459989653017,134.19778393351802,134.3645429362881
fuji_apple,fuji_apple_053.jpg,2,0.4236055422522609,122.88579342282667,80.36688844598159
fuji_apple,fuji_apple_138.jpg,1,0.34654350615825924,136.65004935834156,136.071076011846
fuji_apple,fuji_apple_138.jpg,2,0.24574054597201275,125.14955773941743,86.08992536674224
fuji_apple,fuji_apple_060.jpg,1,0.37901286878356927,132.15687140963323,131.43305346884668
fuji_apple,fuji_apple_060.jpg,2,0.36494402784647484,117.42733013671636,83.82620037345994
fuji_apple,fuji_apple_045.jpg,1,0.4175254302910856,123.49385052034059,123.49858088930937
fuji_apple,fuji_apple_045.jpg,2,0.583163284218875,163.29609544468548,84.91865509761388
fuji_apple,fuji_apple_045.jpg,3,0.2967208916838723,101.04181845985015,64.45446654253358
fuji_apple,fuji_apple_078.jpg,1,0.4848805555049906,148.24286429644465,141.85578367551327
fuji_apple,fuji_apple_078.jpg,2,0.5179584501895714,136.81438270283493,78.67506651579559
fuji_apple,fuji_apple_132.jpg,1,0.081149608020705,138.1118279257419,110.33558548740973
fuji_apple,fuji_apple_132.jpg,2,0.47022893340021327,150.1274630541872,149.39285714285714
fuji_apple,fuji_apple_132.jpg,3,0.5087359634874389,149.7946454001709,134.70976929649672
kiwi,kiwi_006.jpg,1,0.34639376594404725,132.78838574206983,91.56954269289685
kiwi,kiwi_117.jpg,1,0.04703362353887278,95.12329200710289,107.11925237254765
kiwi,kiwi_117.jpg,2,0.6206175342354637,73.31806989003564,64.26912375212238
kiwi,kiwi_054.jpg,1,0.08716218372830951,151.30609361905903,110.69457679875494
kiwi,kiwi_147.jpg,1,0.24846013484168547,84.18061025057612,90.85009188763455
kiwi,kiwi_147.jpg,2,0.40860110752842943,53.47910092868145,52.50017197804662
kiwi,kiwi_154.jpg,1,0.4973006605130781,115.04788732394366,101.08356807511737
kiwi,kiwi_154.jpg,2,0.3279460462212509,84.78270719466852,53.323241969238275
kiwi,kiwi_115.jpg,1,0.13020292892997398,80.80993869871328,88.19172736100995
kiwi,kiwi_156.jpg,1,0.4673676114252421,123.99063779988298,109.19075482738444
kiwi,kiwi_156.jpg,2,0.6116029607664383,101.00876505586997,67.93466840806849
kiwi,kiwi_156.jpg,3,0.7632558179263604,103.31297775734238,64.50477038910282
kiwi,kiwi_156.jpg,4,0.6029011318444393,105.88025024533857,70.04666339548578
kiwi,kiwi_076.jpg,1,0.4628459997708651,97.48972602739725,84.05479452054794
kiwi,kiwi_076.jpg,2,0.16046416099508096,78.22108141436345,55.046591426962976
kiwi,kiwi_168.jpg,1,0.4915960332973552,129.10566037735848,114.33710691823899
kiwi,kiwi_168.jpg,2,0.40911997821267,100.21906512185377,64.21988014382741
kiwi,kiwi_168.jpg,3,0.24063304042325548,115.03686003765803,74.40815027346902
kiwi,kiwi_031.jpg,1,0.13581660704927123,128.81985903814262,91.37969872857933
kiwi,kiwi_106.jpg,1,0.13670525695201954,76.59197133736764,81.59272668339426
kiwi,kiwi_009.jpg,1,0.11733206676796717,114.82060992625074,78.456507873231
kiwi,kiwi_084.jpg,1,0.45318509860297884,104.85521582733813,89.37320143884892
kiwi,kiwi_084.jpg,2,0.1543087258158905,96.86906821087463,62.66530044370911
kiwi,kiwi_123.jpg,1,0.10709804508130005,80.61259592188559,88.08708951589882
kiwi,kiwi_150.jpg,1,0.40616635169113724,143.95272399819902,155.70216118865375
kiwi,kiwi_150.jpg,2,0.442759414292076,117.43086617518209,110.91591365683992
kiwi,kiwi_110.jpg,1,0.1265996196449963,75.57007991569334,81.06338642750505
kiwi,kiwi_100.jpg,1,0.13847576381218243,75.79179495781949,81.59789449191291
kiwi,kiwi_047.jpg,1,0.4589745605274096,180.0202622169249,162.5005959475566
kiwi,kiwi_047.jpg,2,0.18366921965574107,177.95958225401915,141.25977550265205
kiwi,kiwi_047.jpg,3,0.3371114926287773,165.25422983080676,122.04923803047878
kiwi,kiwi_051.jpg,1,0.24416727874902686,160.67732165513854,114.85593255023943
kiwi,kiwi_027.jpg,1,0.13095252193705076,131.6860693590979,97.06421536112536
kiwi,kiwi_055.jpg,1,0.06868704001536759,148.63501090780696,112.93462881930871
kiwi,kiwi_090.jpg,1,0.4306747687204234,89.04398826979472,78.27859237536657
kiwi,kiwi_090.jpg,2,0.12318518030405487,76.44325729767523,52.3106755811921
kiwi,kiwi_004.jpg,1,0.2548415504146924,123.90217627161913,86.01707830748612
kiwi,kiwi_012.jpg,1,0.1791566478865511,118.18307263942347,82.63152075997051
kiwi,kiwi_114.jpg,1,0.08571628113423335,76.67504971399111,82.25268455552009
kiwi,kiwi_139.jpg,1,0.07605800064951179,80.01318845169293,85.97510094212652
kiwi,kiwi_035.jpg,1,0.2394488514384025,139.2705360988011,102.10794215300835
kiwi,kiwi_043.jpg,1,0.11687370527917174,155.4245318752985,110.20212117718746
kiwi,kiwi_099.jpg,1,0.1674590032560419,82.15111990075889,88.49834002183965
kiwi,kiwi_161.jpg,1,0.5187634627773888,119.13850231941683,104.73359840954275
kiwi,kiwi_161.jpg,2,0.8211785991619522,94.76757831286672,59.49289813716375
kiwi,kiwi_161.jpg,3,0.682779133160811,98.19704541882759,65.6102467389596
kiwi,kiwi_161.jpg,4,0.6998156837762248,85.72590115198811,51.09119286510591
kiwi,kiwi_161.jpg,5,0.5302497994193531,119.27568447392075,71.33615139810023
kiwi,kiwi_089.jpg,1,0.04162821116553097,115.32351698806245,98.07797520661157
kiwi,kiwi_089.jpg,2,0.09136478409682573,121.20812182741116,109.20304568527918
kiwi,kiwi_089.jpg,3,0.4417368097158232,113.39938080495357,106.27554179566565
kiwi,kiwi_149.jpg,1,0.4045815812996532,143.25736095965104,155.6163576881134
kiwi,kiwi_149.jpg,2,0.4577240622194457,120.17612469925965,113.37396772905035
kiwi,kiwi_153.jpg,1,0.5038552784500869,112.35528942115768,99.35928143712574
kiwi,kiwi_153.jpg,2,0.34212686348325205,81.96730585630422,52.416969672347605
kiwi,kiwi_136.jpg,1,0.03600311618444182,90.17271405631848,104.03513952981821
kiwi,kiwi_136.jpg,2,0.27667368834170214,77.3717196740622,74.03297023570985
kiwi,kiwi_058.jpg,1,0.23850947945394374,145.94898941289702,105.2039916924168
kiwi,kiwi_058.jpg,2,0.22153501579122198,160.64491929984086,121.91507160718345
kiwi,kiwi_058.jpg,3,0.2185709203906314,166.26073131955485,126.8012718600954
kiwi,kiwi_166.jpg,1,0.4511779132020595,122.15376285868977,109.11478072550082
kiwi,kiwi_166.jpg,2,0.39322659812191807,105.69303965930264,65.41918418951292
kiwi,kiwi_033.jpg,1,0.16494361997043727,132.26111939037318,95.60981118161287
kiwi,kiwi_127.jpg,1,0.09748412927585104,88.45752519232853,98.7306659214946
kiwi,kiwi_127.jpg,2,0.49280028665581,75.0986593778472,69.30571391383575
kiwi,kiwi_102.jpg,1,0.12355223822018513,69.39757609685317,73.55242728129696
kiwi,kiwi_102.jpg,2,0.5888254118515663,70.18856902794727,68.84694020445315
kiwi,kiwi_148.jpg,1,0.4091373418792415,104.44423721930603,113.29447861988058
kiwi,kiwi_148.jpg,2,0.39953138619458645,68.6186033853202,67.83483901207315
kiwi,kiwi_011.jpg,1,0.24613748126920035,115.5107223476298,80.32588492387492
kiwi,kiwi_003.jpg,1,0.33010387313171413,126.78101154703221,88.00315123686048
kiwi,kiwi_083.jpg,1,0.45310316205811035,104.79664179104478,91.67164179104478
kiwi,kiwi_083.jpg,2,0.1993654655330429,94.41602165344983,66.1255045348782
kiwi,kiwi_041.jpg,1,0.1557655031496061,160.77273956337217,116.71318230446386
kiwi,kiwi_057.jpg,1,0.22750431824684633,160.05848797250857,119.02701030927835
kiwi,kiwi_057.jpg,2,0.1471786047371294,157.35249767397093,114.35092559915302
kiwi,kiwi_095.jpg,1,0.17815081034442168,84.20015184187356,87.13630707910013
kiwi,kiwi_140.jpg,1,0.09735166620448908,64.91144258693079,61.33560862196711
kiwi,kiwi_140.jpg,2,0.3667110346731918,75.58070500927644,90.48423005565863
kiwi,kiwi_108.jpg,1,0.17456909340504217,76.75400123716221,82.42651725439316
kiwi,kiwi_170.jpg,1,0.47653958803233876,127.12225063938618,112.27672634271099
kiwi,kiwi_170.jpg,2,0.17144819682587495,107.87609441296782,69.4955258009604
kiwi,kiwi_134.jpg,1,0.02843909414872223,94.12899402250798,106.85738987097623
kiwi,kiwi_134.jpg,2,0.3422064261653532,78.98777874627733,76.67238686714607
kiwi,kiwi_134.jpg,3,0.18123637449384192,98.81148055207025,110.04611041405269
kiwi,kiwi_133.jpg,1,0.04976433549545843,81.77965024587928,90.96821203510851
kiwi,kiwi_133.jpg,2,0.44673478662561217,77.14340312396145,75.3629112662014
kiwi,kiwi_032.jpg,1,0.16535362473854176,141.12918045744206,96.19905646396285
kiwi,kiwi_142.jpg,1,0.17350810180332285,74.24568720379146,84.62938388625592
kiwi,kiwi_142.jpg,2,0.056776245020519665,66.7550796827298,63.29946878180127
kiwi,kiwi_044.jpg,1,0.18964672926050163,140.20270425281754,98.09069140546586
kiwi,kiwi_017.jpg,1,0.1736192894653586,120.50062082620222,85.29997650927884
kiwi,kiwi_158.jpg,1,0.5175533438970444,127.24717194570137,113.16006787330318
kiwi,kiwi_158.jpg,2,0.7350407118504231,99.38107974244674,64.18847614330527
kiwi,kiwi_158.jpg,3,0.6737974012714323,100.26150335187562,68.01611752959634
kiwi,kiwi_158.jpg,4,0.5143003448925422,113.59284353165361,75.28713211941563
kiwi,kiwi_158.jpg,5,0.45078038808276966,120.53088444886654,78.28520719606314
kiwi,kiwi_013.jpg,1,0.1735813128624963,122.04983986914628,82.86937995684026
kiwi,kiwi_026.jpg,1,0.414510628606995,135.87374703845452,106.41625660652451
kiwi,kiwi_026.jpg,2,0.3370773382809828,132.73257179459804,94.09964058218569
kiwi,kiwi_146.jpg,1,0.4362712701052658,48.45893855209141,58.44233591083706
kiwi,kiwi_146.jpg,2,0.3101496320143987,29.487343818480973,34.29299257800993
kiwi,kiwi_018.jpg,1,0.17185725822473347,122.55511445601243,85.35931471769008
kiwi,kiwi_037.jpg,1,0.10481428628931864,150.37095438278453,104.96204035068527
kiwi,kiwi_162.jpg,1,0.4777799507422611,117.01213755900203,102.98786244099797
kiwi,kiwi_162.jpg,2,0.8486187550990741,85.61630737134911,53.09544506258693
kiwi,kiwi_162.jpg,3,0.6992081607766049,89.13184957789717,53.38640061396777
kiwi,kiwi_162.jpg,4,0.6808657728752323,103.72389301085205,62.92543500646899
kiwi,kiwi_162.jpg,5,0.5885294966996274,96.90189678696595,62.18055592712486
kiwi,kiwi_087.jpg,1,0.36727797832128894,85.81654135338346,76.18045112781955
kiwi,kiwi_087.jpg,2,0.25855553664719017,60.86160870636763,42.674976975860325
kiwi,kiwi_050.jpg,1,0.5302074768771262,180.27903682719548,162.02691218130312
kiwi,kiwi_050.jpg,2,0.20547806290332,171.9240763468619,125.90473570612383
kiwi,kiwi_010.jpg,1,0.14458995651850845,123.26075982996812,86.60210768685795
kiwi,kiwi_070.jpg,1,0.4739568461277487,87.41379310344827,76.74091332712023
kiwi,kiwi_070.jpg,2,0.11388925504220862,74.04695792405805,50.79678932707814
kiwi,kiwi_129.jpg,1,0.11530772642836225,89.74536273620261,99.91882914513393
kiwi,kiwi_094.jpg,1,0.4995635068231346,78.43804755944932,69.8035043804756
kiwi,kiwi_094.jpg,2,0.11036954835393586,59.816939785484585,42.179266719300614
kiwi,kiwi_128.jpg,1,0.06537469773031909,89.14955854020263,97.97830817636215
kiwi,kiwi_128.jpg,2,0.20537223848690808,101.52507095553453,115.08325449385052
kiwi,kiwi_160.jpg,1,0.4969139464258022,120.97058823529413,107.67519181585679
kiwi,kiwi_160.jpg,2,0.7769062738485228,86.47473527772618,55.10638429624125
kiwi,kiwi_160.jpg,3,0.6133722682600827,108.80073033874655,68.37864798266187
kiwi,kiwi_160.jpg,4,0.831373470643931,97.18365511769373,60.21118751653002
kiwi,kiwi_160.jpg,5,0.6196468289823783,106.76692386445926,67.00182285814168
kiwi,kiwi_049.jpg,1,0.15779224741989695,150.7925029875863,106.58695705192304
kiwi,kiwi_061.jpg,1,0.2700434865788516,158.21879689576812,115.85344938472753
kiwi,kiwi_125.jpg,1,0.042652446042588825,91.64776521383006,103.16580246142313
kiwi,kiwi_125.jpg,2,0.17925462809363965,80.74505522733111,81.87978422810171
kiwi,kiwi_059.jpg,1,0.28029444873369086,153.60943123668682,107.32137698014348
kiwi,kiwi_065.jpg,1,0.5955304944938506,85.4936656169689,57.999529445831975
kiwi,kiwi_028.jpg,1,0.1430929912305512,138.04531895721342,101.38128825777584
kiwi,kiwi_120.jpg,1,0.05989267613030761,82.97594336031669,92.20550663587687
kiwi,kiwi_124.jpg,1,0.14098169054024903,74.7456128394231,82.28103928796187
kiwi,kiwi_107.jpg,1,0.10085073410606742,77.9757548892178,84.96510492190023
kiwi,kiwi_107.jpg,2,0.540940842594222,80.61577603631078,81.21217332718699
kiwi,kiwi_042.jpg,1,0.1936175121252608,166.89125125428347,125.2073306953937
kiwi,kiwi_119.jpg,1,0.07196763077827534,86.63626208849878,96.20234461971873
kiwi,kiwi_119.jpg,2,0.12456707763541226,101.60768115942028,108.2695652173913
kiwi,kiwi_119.jpg,3,0.4604062377778067,74.7673109695937,70.29027267019464
kiwi,kiwi_157.jpg,1,0.4986613573994724,118.51360318513603,105.1134704711347
kiwi,kiwi_157.jpg,2,0.21939250305528216,96.66514867986317,63.424855998362624
kiwi,kiwi_144.jpg,1,0.17605930443196638,76.81941187082806,86.15569186361176
kiwi,kiwi_144.jpg,2,0.5217998272109705,63.01533810704634,62.12242623498928
kiwi,kiwi_144.jpg,3,0.4220285308583237,59.203865305089046,60.87988859819394
kiwi,kiwi_001.jpg,1,0.48764301307488317,129.78886027325504,89.96359509363133
kiwi,kiwi_113.jpg,1,0.01596317870053581,92.90854715188104,102.63674138669946
kiwi,kiwi_113.jpg,2,0.2321166675681465,76.55352620025891,69.30838774131817
kiwi,kiwi_034.jpg,1,0.2612500735150891,130.4690742870122,92.06853768294934
kiwi,kiwi_039.jpg,1,0.23632333341189884,169.3444676409186,127.91834841104152
kiwi,kiwi_039.jpg,2,0.22548753127917406,156.65123960666693,114.73529746763356
kiwi,kiwi_116.jpg,1,0.06741377842670766,82.96359837138809,93.27387763887144
kiwi,kiwi_116.jpg,2,0.1403422811204062,79.23879267993122,81.99011299435028
kiwi,kiwi_116.jpg,3,0.47544332073553436,79.55406470300088,77.41711924690648
kiwi,kiwi_008.jpg,1,0.3880475392493161,116.20461412212316,82.35687642209706
kiwi,kiwi_066.jpg,1,0.4916649528771543,110.33170731707317,96.10975609756098
kiwi,kiwi_066.jpg,2,0.14027477747033887,96.86946222259164,67.38126506524812
kiwi,kiwi_167.jpg,1,0.47373086727228614,117.26381001548788,104.17707795560145
kiwi,kiwi_167.jpg,2,0.27299977573724693,98.29274473192851,62.300957448302
kiwi,kiwi_078.jpg,1,0.46532047469059973,112.14640522875816,93.80392156862744
kiwi,kiwi_078.jpg,2,0.3759237085063113,97.48159557661927,62.96275671406003
kiwi,kiwi_078.jpg,3,0.1710257993664638,108.43413173652695,78.26946107784431
kiwi,kiwi_014.jpg,1,0.13308382632335314,124.74907570672885,87.82771173425857
kiwi,kiwi_007.jpg,1,0.21254445489785587,123.4464931018422,86.83953551868687
kiwi,kiwi_086.jpg,1,0.39304212130875593,88.10509554140128,76.72770700636943
kiwi,kiwi_086.jpg,2,0.24952263759418594,65.88480769230769,43.97449175824176
kiwi,kiwi_143.jpg,1,0.02586531456988481,85.48753537746512,90.13532502057093
kiwi,kiwi_143.jpg,2,0.08188376668016745,95.5067178502879,108.94241842610364
kiwi,kiwi_143.jpg,3,0.48273699672464,76.85198555956678,81.7581227436823
kiwi,kiwi_143.jpg,4,0.363322126756246,77.10307686583823,65.76893742093905
kiwi,kiwi_022.jpg,1,0.38532709863733944,124.6343416681238,88.43832837908725
kiwi,kiwi_022.jpg,2,0.35208453628357156,137.63774174478507,93.50261802212651
kiwi,kiwi_105.jpg,1,0.20412997994630278,79.19111901341152,85.52736911905241
kiwi,kiwi_067.jpg,1,0.4900455904028555,106.10338680926915,90.62745098039215
kiwi,kiwi_067.jpg,2,0.15638057613456283,83.34814473630736,57.13855886855332
kiwi,kiwi_067.jpg,3,0.2776643867514461,114.17901518637828,78.20248504371837
kiwi,kiwi_025.jpg,1,0.2577467089617945,121.06291472106169,83.54595723765053
kiwi,kiwi_025.jpg,2,0.26754187765313125,122.39092495636999,88.75392670157068
kiwi,kiwi_048.jpg,1,0.5227039240971917,178.87767584097858,160.63608562691132
kiwi,kiwi_048.jpg,2,0.40381891839069267,166.71825019794142,127.61579572446557
kiwi,kiwi_104.jpg,1,0.18900375545986253,76.04098403128515,79.38349909625425
kiwi,kiwi_063.jpg,1,0.14156527504622402,117.19062450203532,77.87520099665367
kiwi,kiwi_063.jpg,2,0.3215875523016772,144.8686030428769,119.6237897648686
kiwi,kiwi_096.jpg,1,0.15467104712397983,77.33593424560526,81.96469111888693
kiwi,kiwi_036.jpg,1,0.10629485790167056,163.1230962693866,113.71108704764566
kiwi,kiwi_036.jpg,2,0.18179297485826032,151.72554295598692,107.49264847203536
kiwi,kiwi_036.jpg,3,0.6977005297054503,152.51333333333332,123.27066666666666
kiwi,kiwi_131.jpg,1,0.17889227301133373,90.27500588400625,99.97483244863777
kiwi,kiwi_069.jpg,1,0.4250866350507596,103.64811133200794,87.99403578528826
kiwi,kiwi_069.jpg,2,0.08334629305441321,78.8765235211,52.20585197365703
kiwi,kiwi_121.jpg,1,0.10796467329774506,96.99041333250051,109.28453941661056
kiwi,kiwi_121.jpg,2,0.3342264842807039,107.79156908665105,124.7927400468384
kiwi,kiwi_045.jpg,1,0.15493410831982354,155.150027916359,116.20793184806297
kiwi,kiwi_079.jpg,1,0.5664756460655705,107.98387096774194,93.80322580645161
kiwi,kiwi_079.jpg,2,0.13369516306384194,95.7169110459433,68.53126968610839
kiwi,kiwi_145.jpg,1,0.09824199057937441,81.23134305258922,87.36273872535364
kiwi,kiwi_145.jpg,2,0.4749585716931097,52.415672380176346,52.55818031021738
kiwi,kiwi_005.jpg,1,0.26754026342675774,128.39556492682667,89.40221217590194
kiwi,kiwi_132.jpg,1,0.21306325267176796,70.89352226720648,81.61234817813765
kiwi,kiwi_132.jpg,2,0.07967650802560852,75.51447990543736,87.44148936170212
kiwi,kiwi_132.jpg,3,0.31694345037759614,62.33708848841243,58.75964254447546
kiwi,kiwi_077.jpg,1,0.500241557553846,110.99666666666667,92.40333333333334
kiwi,kiwi_077.jpg,2,0.17873933509813847,96.67891524840984,60.852436823104696
kiwi,kiwi_077.jpg,3,0.18118471739821082,111.89329268292683,76.52896341463415
kiwi,kiwi_002.jpg,1,0.17216605041288766,133.33280179903915,90.97982214044771
kiwi,kiwi_118.jpg,1,0.06686283550919846,83.40387496090472,92.5980756884887
kiwi,kiwi_118.jpg,2,0.46535435514828466,76.57145641158893,75.48735438049457
kiwi,kiwi_111.jpg,1,0.0886986963439116,74.4939044397176,80.3559863776249
kiwi,kiwi_021.jpg,1,0.3350813525405425,131.0054524361949,94.40262954369682
kiwi,kiwi_021.jpg,2,0.22933098083542217,138.02592823065754,101.01447832399917
kiwi,kiwi_015.jpg,1,0.17527570881079035,132.39198341064645,94.46386661392594
kiwi,kiwi_088.jpg,1,0.4140555975436712,95.71375,85.6225
kiwi,kiwi_088.jpg,2,0.2259021368952083,87.17236633867749,63.32962911993395
kiwi,kiwi_163.jpg,1,0.48638004974927196,130.0554117037804,115.71620921802175
kiwi,kiwi_163.jpg,2,0.8419457755974208,106.29686174724344,65.71413061916878
kiwi,kiwi_163.jpg,3,0.712177367365977,111.67868504772005,68.90280355249206
kiwi,kiwi_163.jpg,4,0.5133921968733723,113.55490487113751,70.85775199028471
kiwi,kiwi_163.jpg,5,0.4327090839979264,122.04208270023877,76.31359887128284
kiwi,kiwi_019.jpg,1,0.1535102773689574,114.03141423478147,75.89764954443417
kiwi,kiwi_019.jpg,2,0.21483572955679994,122.11652794292507,91.78121284185492
kiwi,kiwi_019.jpg,3,0.21837163205320967,119.92161520190024,90.8036421219319
kiwi,kiwi_053.jpg,1,0.0869379823562121,147.72090256572946,102.51292778681048
kiwi,kiwi_109.jpg,1,0.1377268888896962,75.22182199870116,78.59564083588822
kiwi,kiwi_052.jpg,1,0.497336938345911,179.28956834532374,162.22841726618705
kiwi,kiwi_052.jpg,2,0.2220309251964868,164.74554417899125,124.73378839590443
kiwi,kiwi_068.jpg,1,0.42063087827749573,100.26299212598425,86.93700787401575
kiwi,kiwi_068.jpg,2,0.07649458706520429,80.66692761806982,55.22290169404518
kiwi,kiwi_074.jpg,1,0.16175827819153496,91.30987452264047,82.50300054555373
kiwi,kiwi_074.jpg,2,0.10429473616881767,88.46758609066906,69.57542179278317
kiwi,kiwi_038.jpg,1,0.5534919561894205,178.94728682170543,160.87286821705428
kiwi,kiwi_038.jpg,2,0.21068364400141532,169.7373341498265,124.9572565829761
kiwi,kiwi_064.jpg,1,0.402815323401767,136.93810178817057,118.56258596973865
kiwi,kiwi_064.jpg,2,0.12247034858098264,117.25056474754258,82.78891670228137
kiwi,kiwi_072.jpg,1,0.3759396713806962,86.87506400409626,76.62621607782899
kiwi,kiwi_072.jpg,2,0.18046870369017962,78.70261049204959,55.83044322023288
kiwi,kiwi_152.jpg,1,0.5048759552008516,112.30478873239437,97.88225352112677
kiwi,kiwi_152.jpg,2,0.6199371507849608,85.89953107539347,54.60611377426868
kiwi,kiwi_093.jpg,1,0.296579554483809,89.44858712715856,79.52668759811617
kiwi,kiwi_093.jpg,2,0.1231413797279775,88.01696907367958,65.3714586547173
kiwi,kiwi_093.jpg,3,0.1562305743754551,82.35183909956545,61.60534751739368
kiwi,kiwi_103.jpg,1,0.1491217991838158,70.79248864351108,75.30950870081766
kiwi,kiwi_097.jpg,1,0.1316389204303307,74.45755782736055,80.7065836270554
kiwi,kiwi_165.jpg,1,0.4693528104047005,122.53860523038605,108.32316313823164
kiwi,kiwi_165.jpg,2,0.27020837897475,103.63377349442683,64.51371361068551
kiwi,kiwi_081.jpg,1,0.41665641328589736,105.95866454689985,90.22098569157393
kiwi,kiwi_081.jpg,2,0.4078287443510517,86.38935574229691,57.0899703164848
kiwi,kiwi_081.jpg,3,0.349229701941325,83.04859335038364,56.81713554987213
kiwi,kiwi_046.jpg,1,0.14804699398477605,141.93072234725898,101.36381856713378
kiwi,kiwi_126.jpg,1,0.11726827828586756,81.19947297121755,90.11815836843766
kiwi,kiwi_126.jpg,2,0.5069637544753002,77.8310401891253,74.96333333333334
kiwi,kiwi_071.jpg,1,0.33828037832711305,92.10404191616767,82.34094311377245
kiwi,kiwi_071.jpg,2,0.2084069158700487,89.44765722876473,64.51160110248058
kiwi,kiwi_135.jpg,1,0.05635880044928538,78.60900001338491,86.75716761922608
kiwi,kiwi_135.jpg,2,0.7021398671664437,72.62942242780348,66.76150143767971
kiwi,kiwi_062.jpg,1,0.1577998085610714,127.11380013273917,86.23245946714707
kiwi,kiwi_030.jpg,1,0.1882734028356898,129.80350654217793,93.94617979175833
kiwi,kiwi_016.jpg,1,0.17471435595454007,117.62499092351896,85.44584712094021
kiwi,kiwi_029.jpg,1,0.21855776367801272,134.24714817958198,95.4551836241495
kiwi,kiwi_138.jpg,1,0.23083839983476048,73.7740157480315,81.83175853018372
kiwi,kiwi_138.jpg,2,0.2854917067950338,76.95920889987639,88.38071693448701
kiwi,kiwi_138.jpg,3,0.17102857605236185,59.1511185190199,58.23632733179911
kiwi,kiwi_112.jpg,1,0.18888616919727355,69.02568421052632,79.15936842105263
kiwi,kiwi_112.jpg,2,0.17021784667124032,55.45134456561231,54.37020427419486
kiwi,kiwi_169.jpg,1,0.49245789254093514,134.03719224724986,118.57097957045575
kiwi,kiwi_169.jpg,2,0.8629972629224205,106.4963706233988,66.22496035134806
kiwi,kiwi_169.jpg,3,0.6856687235880674,106.76257852228538,67.34813042177684
kiwi,kiwi_169.jpg,4,0.16329622405410638,121.61362207474677,80.36138665735243
kiwi,kiwi_024.jpg,1,0.24563825888461274,113.37754560197477,77.92488411142526
kiwi,kiwi_122.jpg,1,0.09659307088794725,89.99944403261676,97.05849691450138
kiwi,kiwi_040.jpg,1,0.1540874818464059,156.96818482487132,114.29264475743348
kiwi,kiwi_091.jpg,1,0.3537525301887936,90.51355075792375,80.54432705558108
kiwi,kiwi_091.jpg,2,0.14278926529277836,81.19379781263609,61.62872332558197
kiwi,kiwi_092.jpg,1,0.41078570179301777,82.59413202933985,73.94458027709861
kiwi,kiwi_092.jpg,2,0.11484250451744132,72.06879639958457,50.064295880293884
kiwi,kiwi_092.jpg,3,0.24169169124210246,74.91150194552529,49.36862256809338
kiwi,kiwi_155.jpg,1,0.4895979125109145,121.63354898336414,107.7264325323475
kiwi,kiwi_155.jpg,2,0.5969634673328856,98.33513387252182,68.95322491167624
kiwi,kiwi_155.jpg,3,0.3452577331433821,101.7954245368247,67.93318878650155
kiwi,kiwi_155.jpg,4,0.6812761013495447,105.14619726599074,67.56205023942644
kiwi,kiwi_073.jpg,1,0.044648385388193365,102.6980776794905,85.78364060891614
kiwi,kiwi_075.jpg,1,0.39277787862786,83.28115345005149,72.37590113285273
kiwi,kiwi_075.jpg,2,0.27122044762164704,62.9270415342123,42.488196362499345
kiwi,kiwi_075.jpg,3,0.17480689553782924,78.01421401619226,51.67696083818734
kiwi,kiwi_085.jpg,1,0.47414065275566786,97.71090047393366,84.92772511848342
kiwi,kiwi_085.jpg,2,0.2939219629652607,81.35886038438743,53.69693506053679
kiwi,kiwi_141.jpg,1,0.029090886672971633,73.67371632339533,74.98390642369134
kiwi,kiwi_164.jpg,1,0.48834310585787866,128.1332105586249,112.96869244935543
kiwi,kiwi_164.jpg,2,0.2521010055065731,110.32323510163044,66.10722652730222
kiwi,kiwi_164.jpg,3,0.47571935959887507,116.54280097206674,74.1576058760888
kiwi,kiwi_151.jpg,1,0.5152871448160857,112.1010387157696,98.66949952785647
kiwi,kiwi_151.jpg,2,0.6007515995258782,83.18642410210865,52.570698653786664
kiwi,kiwi_023.jpg,1,0.13970963193321434,118.86355882004501,83.02715318090274
kiwi,kiwi_171.jpg,1,0.5030126317401593,114.59003831417624,100.63122605363984
kiwi,kiwi_171.jpg,2,0.3794956957151454,86.8473290284708,53.891502788376876
kiwi,kiwi_080.jpg,1,0.4690141454144155,105.2925925925926,89.77222222222223
kiwi,kiwi_080.jpg,2,0.25870359574017077,86.90396552079682,56.34225558328006
kiwi,kiwi_080.jpg,3,0.24744033479693991,93.28271405492731,64.95638126009693
kiwi,kiwi_137.jpg,1,0.23478155041948406,72.85096245473603,81.57213645892891
kiwi,kiwi_137.jpg,2,0.2657997567952384,75.55722543352601,89.29942196531792
kiwi,kiwi_137.jpg,3,0.3865785678830528,59.965348924529316,57.17204849004989
kiwi,kiwi_137.jpg,4,0.10252577887711734,65.72048911204398,61.35432271517546
kiwi,kiwi_101.jpg,1,0.1131986792644608,69.76099440566205,72.52367517371468
kiwi,kiwi_098.jpg,1,0.21635139614332707,75.41150649934696,79.13758665397256
kiwi,kiwi_159.jpg,1,0.48178997603799684,126.65567533291059,112.40393151553583
kiwi,kiwi_159.jpg,2,0.6533287757975786,105.28186266670932,70.23075446956855
kiwi,kiwi_159.jpg,3,0.7507310608136522,110.57552243823183,66.73855678189254
kiwi,kiwi_159.jpg,4,0.8224259732374628,100.16952157625325,58.51299722611456
kiwi,kiwi_159.jpg,5,0.49342180179834344,105.57168740761932,64.22404996900778
kiwi,kiwi_082.jpg,1,0.039999866207881596,133.4655394085791,113.60141643182124
kiwi,kiwi_082.jpg,2,0.633329837786208,119.23886639676113,94.93387314439946
kiwi,kiwi_082.jpg,3,0.5222820770658769,131.2658371040724,119.59049773755657
kiwi,kiwi_056.jpg,1,0.10398679122399321,156.09880816755762,112.83187275435984
kiwi,kiwi_020.jpg,1,0.345171814705889,122.34942634942635,85.25367675367676
kiwi,kiwi_060.jpg,1,0.13821946207531852,162.8250810084565,123.33507863747728
kiwi,kiwi_130.jpg,1,0.16974038467095048,74.73246306042773,81.16885098639887
plum,plum_220.jpg,1,0.6387958458785066,42.44190478920065,27.265311971568597
plum,plum_115.jpg,1,0.29180873633092735,104.41989504824963,51.11560540959358
plum,plum_115.jpg,2,0.7605642541265671,123.56753204074926,61.97002957607624
plum,plum_097.jpg,1,0.6962623339446661,74.68748969836822,49.79351409263227
plum,plum_161.jpg,1,0.24507320798473892,76.52656357206945,44.582055206629015
plum,plum_002.jpg,1,0.3276518618620122,52.0267590290774,32.03685185702448
plum,plum_187.jpg,1,0.3276367875613895,105.78973843058351,116.66197183098592
plum,plum_187.jpg,2,0.3053999458585482,111.0718476966961,103.83113503133212
plum,plum_187.jpg,3,0.2682838606463479,113.33199315313881,109.83766569802158
plum,plum_131.jpg,1,0.34875888719668363,99.70053847490013,65.10415581031788
plum,plum_049.jpg,1,0.3059330420330293,61.143913324657284,38.16205319004543
plum,plum_202.jpg,1,0.7772981536454024,53.77626473944465,38.99581589958159
plum,plum_202.jpg,2,0.8529832709620198,67.12097547609262,34.21174133442938
plum,plum_127.jpg,1,0.347497770711363,88.20059372349449,54.268667193121
plum,plum_241.jpg,1,0.4028669565076147,57.30771138110588,58.31663773865609
plum,plum_241.jpg,2,0.6187119939546997,37.575278417687876,24.796703970774665
plum,plum_252.jpg,1,0.4422525443385304,61.70352515818018,62.70111479361253
plum,plum_252.jpg,2,0.8406576468714222,41.453567937438905,26.296269143043336
plum,plum_252.jpg,3,0.4179539133217264,39.34926860446536,25.8444241077265
plum,plum_162.jpg,1,0.20888984348160572,76.65827721051488,44.229947860091244
plum,plum_081.jpg,1,0.41449406273365513,59.97525635655668,40.19022354602007
plum,plum_082.jpg,1,0.6238750374022652,67.11971924836746,43.48207542978988
plum,plum_082.jpg,2,0.6969591997515029,59.508144566047335,39.959616526681934
plum,plum_082.jpg,3,0.7185664726515153,68.30796468109901,44.066290170767786
plum,plum_082.jpg,4,0.5304068558329444,71.53595611553955,43.44578726322105
plum,plum_163.jpg,1,0.34588402988350003,75.60672155940179,48.88606956813981
plum,plum_223.jpg,1,0.705500519570395,39.39531859557867,25.96642435353557
plum,plum_217.jpg,1,0.43039247665802716,46.83590645202645,29.397743713715364
plum,plum_159.jpg,1,0.1656444221983706,125.96906000795978,71.55072891024602
plum,plum_005.jpg,1,0.2515831071164151,91.53889580289668,50.72450985697023
plum,plum_192.jpg,1,0.5636460739975847,61.055879425565195,36.503256078487134
plum,plum_228.jpg,1,0.4978567696751231,57.84541526644263,59.82237157945271
plum,plum_228.jpg,2,0.3110966324578842,40.43196602972399,25.5984033970276
plum,plum_228.jpg,3,0.36808067720514037,62.37351778656126,62.308300395256914
plum,plum_055.jpg,1,0.419020227761085,97.80838413110823,60.10942340361747
plum,plum_189.jpg,1,0.32969643798912557,106.67571144937128,119.9602911978822
plum,plum_189.jpg,2,0.38391547582021907,108.95875576626277,107.41025378661914
plum,plum_189.jpg,3,0.43517586768364663,111.27231121281464,111.54161899313502
plum,plum_189.jpg,4,0.3769001665192813,119.61749571183533,120.24871355060034
plum,plum_083.jpg,1,0.46052212364318845,55.68143461997769,39.458059867947064
plum,plum_238.jpg,1,0.38581018237670595,48.695176723296235,49.210505760593634
plum,plum_238.jpg,2,0.2161173383079665,29.646173429216315,22.32788305075849
plum,plum_238.jpg,3,0.8443290251218621,30.82200332963374,21.65357935627081
plum,plum_238.jpg,4,0.1990477870465255,54.13333333333333,53.56111111111111
plum,plum_140.jpg,1,0.39349341855416714,126.75034867503486,128.25383542538353
plum,plum_140.jpg,2,0.5056099261026615,114.00331619963521,81.1925053888244
plum,plum_140.jpg,3,0.4275010523986808,126.36378205128204,125.01282051282051
plum,plum_260.jpg,1,0.4077327172730281,48.03876351706455,33.46729626857352
plum,plum_260.jpg,2,0.8565244829702162,56.55797947520432,37.52160019664475
plum,plum_177.jpg,1,0.258373383564396,99.66887303851641,52.979229671897286
plum,plum_177.jpg,2,0.2671131956534207,95.52551567719986,61.66797437704968
plum,plum_013.jpg,1,0.4143045548110957,96.29434416365825,61.01752105896511
plum,plum_013.jpg,2,0.20994258596181534,101.30872424681192,62.49416464595363
plum,plum_046.jpg,1,0.28743512416244826,101.4661476013694,56.9028269316885
plum,plum_112.jpg,1,0.5261392907464664,94.497899635266,44.27809709470507
plum,plum_169.jpg,1,0.4450145427890614,77.20978357169979,56.584925958739404
plum,plum_169.jpg,2,0.37858716137684667,78.32709962597757,53.1737504250255
plum,plum_169.jpg,3,0.22103714908239636,84.90072253796123,52.8395244431732
plum,plum_053.jpg,1,0.15465211815273622,70.72997756743449,41.60380806478088
plum,plum_042.jpg,1,0.18126041433340828,72.05440735031641,37.2972578289794
plum,plum_087.jpg,1,0.3665101408018525,75.03499736641892,46.11529232750044
plum,plum_087.jpg,2,0.5346141922446294,65.19287184765827,52.850424601132275
plum,plum_087.jpg,3,0.30764830929978687,74.16993519182377,47.92492935768209
plum,plum_212.jpg,1,0.48713944591701797,48.783463293105115,29.621849419225416
plum,plum_262.jpg,1,0.5091288890269716,69.41997932525139,69.37355511700028
plum,plum_262.jpg,2,0.4563579107803787,55.669722628976466,34.746991787101294
plum,plum_262.jpg,3,0.7952259074810758,55.25486846600615,39.030634324108874
plum,plum_262.jpg,4,0.5925948188679251,57.28635023414465,34.396774007053246
plum,plum_138.jpg,1,0.22265290610576635,111.34563419289644,64.33848572177102
plum,plum_138.jpg,2,0.366857192667083,121.93715995647443,60.28618063112078
plum,plum_113.jpg,1,0.5438899547289788,93.09667513363915,42.34543352162869
plum,plum_230.jpg,1,0.3538992995392339,54.977675134719014,54.9821657685399
plum,plum_230.jpg,2,0.2851241038287322,37.2890913034049,23.534287573194536
plum,plum_180.jpg,1,0.49145295119048127,97.4603927256499,56.120439584960394
plum,plum_180.jpg,2,0.4837255937802413,97.50327087260229,71.54168976604944
plum,plum_180.jpg,3,0.32840070204516847,91.40562922318752,61.369303459838434
plum,plum_143.jpg,1,0.17599038008517381,97.6484692657259,62.58532647691939
plum,plum_068.jpg,1,0.35174907350347595,89.47313645020252,54.71655803224162
plum,plum_068.jpg,2,0.20496559736060632,93.18754186202277,47.41656030026918
plum,plum_093.jpg,1,0.6033888471857924,65.72816833455246,40.525796460865635
plum,plum_024.jpg,1,0.2725823404879519,100.57929345266133,55.563372585963265
plum,plum_171.jpg,1,0.20530366785666532,100.14590565351219,62.04129256851774
plum,plum_146.jpg,1,0.12145654250152282,100.00170893430857,58.99573449996582
plum,plum_146.jpg,2,0.4404338583191587,90.41723761728126,59.36530656775038
plum,plum_022.jpg,1,0.4294785505853534,112.86106259097527,53.259898107714704
plum,plum_022.jpg,2,0.5093943512293113,110.54968588068051,67.17104599440546
plum,plum_022.jpg,3,0.31215715520145904,122.47372367681061,62.81878397800413
plum,plum_168.jpg,1,0.1543054563537101,86.00031240524473,50.86785258147804
plum,plum_010.jpg,1,0.26116132636466943,93.21398332448373,51.30244105448961
plum,plum_084.jpg,1,0.1830458892598848,67.55185969443468,43.16149952997256
plum,plum_100.jpg,1,0.3167332687851182,84.04197980272428,55.87975575387506
plum,plum_160.jpg,1,0.15405300410289396,121.98769510588147,60.864200738664834
plum,plum_119.jpg,1,0.5231326507169063,71.00104901075846,42.81297114000635
plum,plum_032.jpg,1,0.45016000353343383,98.93286573146291,99.36573146292584
plum,plum_032.jpg,2,0.15626302167034686,84.7756415478615,56.67194840461642
plum,plum_063.jpg,1,0.1477560290949965,80.10303168452245,47.80280482377587
plum,plum_036.jpg,1,0.41790992798269094,94.35909090909091,96.06477272727273
plum,plum_036.jpg,2,0.20039109104442368,78.53505377026298,47.78350728039844
plum,plum_095.jpg,1,0.3938359148637765,66.99129715001781,41.58333237529172
plum,plum_006.jpg,1,0.18616057047790932,94.56362358411505,60.2862588197129
plum,plum_078.jpg,1,0.25858319823077597,72.38321637669725,48.58838184611552
plum,plum_233.jpg,1,0.46181287213894606,53.06723237597911,55.04862924281984
plum,plum_233.jpg,2,0.4258693572295915,36.528980558211536,23.14915995082639
plum,plum_233.jpg,3,0.2942320546041606,57.396934865900384,56.59540229885058
plum,plum_263.jpg,1,0.4555098141213073,72.36335160532498,73.84025058731402
plum,plum_263.jpg,2,0.2728455881445297,60.57593134917932,37.610215895934076
plum,plum_200.jpg,1,0.5732891423758211,51.03494876338701,31.57363433238308
plum,plum_197.jpg,1,0.37949181285980554,105.18555667001003,107.18555667001003
plum,plum_197.jpg,2,0.5117535934992836,78.29388182320878,40.6525396950786
plum,plum_176.jpg,1,0.20870974478926052,90.75760372753494,51.66850676725094
plum,plum_141.jpg,1,0.31191256316752125,102.41272435111802,65.04308630879429
plum,plum_066.jpg,1,0.1206878152514686,83.4475226204526,53.072644263618855
plum,plum_061.jpg,1,0.22868534413482874,80.95952091494439,51.19894337130592
plum,plum_088.jpg,1,0.6832923750656731,73.17429561411507,48.234977660253485
plum,plum_039.jpg,1,0.27249707099706877,60.001426543260436,34.9121344909493
plum,plum_047.jpg,1,0.1620949979863514,91.64663436934939,53.27457268602231
plum,plum_001.jpg,1,0.768448147016603,56.00369084167966,36.54065797641216
plum,plum_174.jpg,1,0.2547560775987985,86.36017490750085,50.73087117389842
plum,plum_145.jpg,1,0.2911624165949951,80.59467941290073,46.054943993820004
plum,plum_190.jpg,1,0.8667178293638158,61.09766022380468,32.6770656719792
plum,plum_190.jpg,2,0.5794605220168663,59.197499565033674,37.15380409116894
plum,plum_214.jpg,1,0.26981537528905414,105.03635984963411,100.44518124643241
plum,plum_214.jpg,2,0.25297555590924764,107.17681026457453,103.80768763744788
plum,plum_029.jpg,1,0.4683089197745868,94.2354694485842,96.64381520119225
plum,plum_029.jpg,2,0.490032361516726,79.22971704438781,51.67842295829421
plum,plum_029.jpg,3,0.2787193184418862,81.20920928983756,49.401610954490536
plum,plum_020.jpg,1,0.4861975903526694,128.11661073825505,58.08337635518844
plum,plum_020.jpg,2,0.6847499456645101,109.66458794340508,54.98109032387849
plum,plum_020.jpg,3,0.4765359307206488,119.75168604277732,52.72894855160897
plum,plum_072.jpg,1,0.35051790453695936,98.4373753576693,47.07051504378739
plum,plum_091.jpg,1,0.24968549701360307,70.73557724313312,38.44221577216504
plum,plum_076.jpg,1,0.23728643694780124,72.57026797623378,42.04122711288954
plum,plum_221.jpg,1,0.5571165923427585,48.31999480317007,28.61636259024852
plum,plum_166.jpg,1,0.29262292472717993,74.70958896074377,37.110568533427184
plum,plum_166.jpg,2,0.3353229576988691,92.75545054739403,54.52124075980163
plum,plum_250.jpg,1,0.41254077706982567,58.57587163232964,59.718304278922346
plum,plum_250.jpg,2,0.5587370185068464,35.99375078705452,26.159866515552196
plum,plum_151.jpg,1,0.34807920978097345,123.70316139767054,75.13998890737659
plum,plum_151.jpg,2,0.4164922422655014,119.07328605200945,70.66027206138821
plum,plum_151.jpg,3,0.512354373892758,114.00153764835903,87.92705780596799
plum,plum_151.jpg,4,0.5289795866978791,124.70916905444126,127.37106017191977
plum,plum_105.jpg,1,0.394132649450216,71.36063224677314,39.95120323780354
plum,plum_173.jpg,1,0.187468087886921,87.58365483260363,44.17678847515425
plum,plum_206.jpg,1,0.36964832637660777,70.62231182795699,71.7715053763441
plum,plum_206.jpg,2,0.8229836189206468,51.54315908357535,33.43812520167796
plum,plum_206.jpg,3,0.780796366777546,54.28143069552288,35.63233107549975
plum,plum_234.jpg,1,0.35948463744474646,53.07826384142174,54.837662337662344
plum,plum_234.jpg,2,0.5346631019993149,38.247939475950304,24.68861483577316
plum,plum_234.jpg,3,0.3387392346352527,56.49241945672773,56.021162349968414
plum,plum_227.jpg,1,0.443632164833552,64.4471694508134,38.497652582159624
plum,plum_204.jpg,1,0.7289715301604688,42.17137999236615,25.36651167632465
plum,plum_231.jpg,1,0.32221802367684005,52.13447951012718,53.01990108337259
plum,plum_231.jpg,2,0.42080516471491497,38.05321342844585,25.69971939551709
plum,plum_224.jpg,1,0.5837189534685626,41.90170845841427,25.290923538760374
plum,plum_224.jpg,2,0.44516153770492034,67.60239361702128,64.30718085106383
plum,plum_154.jpg,1,0.5080298694804083,129.15487172580973,62.65490539357619
plum,plum_154.jpg,2,0.2082250398543089,104.70931600305828,56.34382167852732
plum,plum_226.jpg,1,0.4653914541656409,43.71964597714319,33.82702718185203
plum,plum_226.jpg,2,0.6471407735523984,41.73901990811638,30.148575803981622
plum,plum_104.jpg,1,0.4577724256304422,66.83945066777491,35.21476472032794
plum,plum_028.jpg,1,0.5094208960171444,97.38839285714285,99.01227678571428
plum,plum_028.jpg,2,0.23522343097976944,88.11854406130269,54.99302681992337
plum,plum_199.jpg,1,0.5288785101298336,76.89026979042032,38.04799490524528
plum,plum_255.jpg,1,0.46782976579995356,65.4535686876439,67.85878741366078
plum,plum_255.jpg,2,0.28294550762546,47.89877105143377,30.819799726900317
plum,plum_255.jpg,3,0.46224038007915735,69.04178814382895,69.3974732750243
plum,plum_109.jpg,1,0.476054197978424,78.30415372863365,37.550163192825465
plum,plum_157.jpg,1,0.1654318034893421,131.44761204095397,64.83465146220342
plum,plum_157.jpg,2,0.5712702109714858,119.64862041418299,70.71978123271677
plum,plum_157.jpg,3,0.20994738488848502,134.49006816253694,64.51528537577158
plum,plum_253.jpg,1,0.4446380109924895,66.09024390243903,66.0459349593496
plum,plum_253.jpg,2,0.2506143059679489,47.13976682644298,27.97578390253645
plum,plum_225.jpg,1,0.6217454240168481,43.859568142700674,28.785166640588326
plum,plum_073.jpg,1,0.21141791342751262,72.32974697066813,50.004425724140035
plum,plum_073.jpg,2,0.3954201780391923,78.22242070197461,58.662965287500604
plum,plum_023.jpg,1,0.18966698645088892,95.03890078937714,47.53351006544611
plum,plum_205.jpg,1,0.3837486905091972,63.7619375573921,63.50275482093664
plum,plum_205.jpg,2,0.6546245055631648,44.0221354725237,28.010767448843893
plum,plum_137.jpg,1,0.4000877065311695,115.37044304045834,71.23101675626889
plum,plum_008.jpg,1,0.23977769355159123,100.3201485148515,54.54257425742575
plum,plum_107.jpg,1,0.33729686728367386,71.17672944904066,44.599881811552294
plum,plum_117.jpg,1,0.6789429636253228,89.30934456799503,64.55159196077076
plum,plum_222.jpg,1,0.6245242592733213,53.20540070850879,28.98598578526391
plum,plum_035.jpg,1,0.36426844202839187,90.94555353901995,92.01996370235935
plum,plum_035.jpg,2,0.18911211452368862,70.36973044266755,40.7799851619817
plum,plum_232.jpg,1,0.3299829490891564,50.74703557312253,51.40008783487044
plum,plum_232.jpg,2,0.5371331004502096,37.064814119414194,23.315759168857177
plum,plum_232.jpg,3,0.7192930907712899,31.63191184660673,22.047458031665208
plum,plum_232.jpg,4,0.36799529159233096,58.049778761061944,57.049778761061944
plum,plum_080.jpg,1,0.30597722462555904,63.0745645558393,41.014573425290166
plum,plum_150.jpg,1,0.16515887055151054,101.10300025106703,52.28958071805172
plum,plum_182.jpg,1,0.2988058260451037,98.78594967046136,65.28966446974236
plum,plum_098.jpg,1,0.4294021705748269,80.89651599533738,54.53218495013599
plum,plum_122.jpg,1,0.42150656355253396,84.82348949773066,51.05083007886126
plum,plum_071.jpg,1,0.3064659579298725,101.18138734703153,44.469438763917296
plum,plum_148.jpg,1,0.5208987530119535,104.69011167813032,66.22479846165224
plum,plum_148.jpg,2,0.42147227853033026,109.55997278795867,73.33551596581488
plum,plum_264.jpg,1,0.4817808687795412,72.66642754662841,76.35982783357245
plum,plum_264.jpg,2,0.2339691045357244,63.86093704459342,43.33674584669193
plum,plum_235.jpg,1,0.34739648871723144,54.22110705596107,54.95270681265207
plum,plum_235.jpg,2,0.36338750419056015,37.49354342989518,26.603293653524165
plum,plum_235.jpg,3,0.5987671405966523,34.249631700790715,26.38745076816692
plum,plum_235.jpg,4,0.3965528244219451,59.14931650893796,59.26393270241851
plum,plum_045.jpg,1,0.122470629052745,95.73185415075639,58.500901808491626
plum,plum_062.jpg,1,0.30412372105539875,87.64001825002535,50.87965122173781
plum,plum_062.jpg,2,0.30002149492431446,88.43360194617607,59.2276113729664
plum,plum_079.jpg,1,0.3440198326713444,69.76200331125828,43.090869895143484
plum,plum_136.jpg,1,0.24549093121175086,116.12916166171837,75.04743557781656
plum,plum_126.jpg,1,0.440636928345309,80.24258516592481,50.93279273720858
plum,plum_123.jpg,1,0.38667594437368863,80.2720782156582,46.31949363273303
plum,plum_152.jpg,1,0.3349755459218559,128.29854237898147,79.16636674464638
plum,plum_051.jpg,1,0.2396102004256781,68.3801887656923,39.70796297993219
plum,plum_155.jpg,1,0.5472614089439998,128.07151943462898,60.09844522968198
plum,plum_155.jpg,2,0.6047543529504424,106.28935807488034,53.90151465477673
plum,plum_155.jpg,3,0.20966495041447714,120.50665296309211,62.59331583680511
plum,plum_092.jpg,1,0.28966686717638485,70.94370417693408,44.392017279669005
plum,plum_092.jpg,2,0.4316947874347459,90.80387931034483,42.89313936781609
plum,plum_134.jpg,1,0.19783540671436764,110.30231960853226,66.8044283435616
plum,plum_111.jpg,1,0.5800042073927654,93.11049733681837,48.28765954389085
plum,plum_181.jpg,1,0.17915542734738577,95.33360921961803,59.41099532247345
plum,plum_181.jpg,2,0.4161707746995767,95.54842050750906,61.7137349674895
plum,plum_089.jpg,1,0.38707135059835557,67.01187792136376,37.00318158607958
plum,plum_004.jpg,1,0.24712543592461264,87.86631365153055,47.71306035108081
plum,plum_026.jpg,1,0.474632923673303,95.14174757281553,96.47766990291262
plum,plum_026.jpg,2,0.2526854523209169,75.2229608023149,48.625954375893365
plum,plum_158.jpg,1,0.5115448114347835,121.37166410507196,89.27609333519631
plum,plum_158.jpg,2,0.30797205679395456,117.38960973899104,57.332974299884775
plum,plum_207.jpg,1,0.30434371770336793,67.18752865657954,67.57588262265016
plum,plum_207.jpg,2,0.6767244903859512,45.10140264026403,26.624972497249725
plum,plum_247.jpg,1,0.38671394302846956,59.84755343578873,60.54213036565978
plum,plum_247.jpg,2,0.34526429046908463,42.30811206494975,29.297131829373793
plum,plum_040.jpg,1,0.46635972520419783,67.70672371744244,41.10476570704485
plum,plum_116.jpg,1,0.6609716671907349,82.46495637329286,46.67863239757208
plum,plum_116.jpg,2,0.3891063600639596,78.36115186318482,54.85976862136899
plum,plum_116.jpg,3,0.8107747540754284,84.01080194548128,38.10321230630019
plum,plum_216.jpg,1,0.5733894834236642,50.07452926810053,29.315160587200292
plum,plum_196.jpg,1,0.6321559249969202,85.11880837814887,43.29420818001698
plum,plum_242.jpg,1,0.3520431074227507,59.86615186615187,60.90770362198934
plum,plum_242.jpg,2,0.7851911619061909,37.78148428365087,27.18130545429534
plum,plum_242.jpg,3,0.5382634023470133,43.70814830330959,31.500188521156264
plum,plum_242.jpg,4,0.8394264580478372,46.125970934602854,34.16161363066901
plum,plum_218.jpg,1,0.5075203300447257,38.727142791276684,27.126607957951034
plum,plum_015.jpg,1,0.3514607325936887,101.37908925318762,56.01709775349119
plum,plum_149.jpg,1,0.5249157449181583,112.89466639209226,66.78315485996706
plum,plum_149.jpg,2,0.3967327579299958,105.46433591004919,68.77789002108221
plum,plum_149.jpg,3,0.5062406391506289,95.09153850219333,91.470059722002
plum,plum_149.jpg,4,0.5028066558840872,121.15964912280702,121.3842105263158
plum,plum_201.jpg,1,0.8432602051964898,48.80030384875085,32.86748818365969
plum,plum_201.jpg,2,0.6569512164853799,49.57408246488446,31.650241655339073
plum,plum_135.jpg,1,0.3265710573206695,91.11447869020648,59.34414140982346
plum,plum_050.jpg,1,0.29094507368842,61.58693834900732,40.715778474399166
plum,plum_054.jpg,1,0.20010983132944798,82.44964252870153,49.74490492153431
plum,plum_054.jpg,2,0.3888509486823509,102.12690629358045,53.14751000944712
plum,plum_054.jpg,3,0.3709384747714183,103.0241073647585,58.17798856764145
plum,plum_124.jpg,1,0.5905540511917363,78.03626985094026,49.900911146311415
plum,plum_211.jpg,1,0.40732906950498177,65.10016806722689,64.48033613445378
plum,plum_211.jpg,2,0.5344632445772272,49.31566540467177,30.48807057646975
plum,plum_194.jpg,1,0.41914946627839916,78.10027492108748,41.26875063639141
plum,plum_191.jpg,1,0.6945786289245772,59.136127343778014,36.46993869429606
plum,plum_239.jpg,1,0.2585056054022187,51.200896191187454,51.11560866318148
plum,plum_239.jpg,2,0.6118813478147735,34.13277248083754,22.3076088988596
plum,plum_239.jpg,3,0.8036664645777524,32.96620606788826,23.83531090417543
plum,plum_239.jpg,4,0.6310331849665026,36.541152,25.516448
plum,plum_239.jpg,5,0.3880829213184275,55.761480466072655,54.76010966415353
plum,plum_257.jpg,1,0.33367404512016796,67.56132958801498,69.57724719101124
plum,plum_257.jpg,2,0.26718915186575776,48.430576109936574,36.99674947145877
plum,plum_257.jpg,3,0.3515075587517698,71.01928240175738,70.50036612155236
plum,plum_007.jpg,1,0.1580502779255959,88.77108535577429,53.51703734315125
plum,plum_060.jpg,1,0.16494100907671047,77.47183748845798,43.95652344747647
plum,plum_030.jpg,1,0.5140700864428708,93.1377840909091,94.8409090909091
plum,plum_030.jpg,2,0.24656178672038143,75.86283590042883,44.33435255906011
plum,plum_251.jpg,1,0.32544194522760256,61.99026703269279,61.604816571000754
plum,plum_251.jpg,2,0.6373825481231027,40.21908641975308,25.812197530864196
plum,plum_251.jpg,3,0.7769160849249174,45.708905704307334,33.65832363213038
plum,plum_172.jpg,1,0.20613901088796413,98.9002366322655,60.86712800015908
plum,plum_240.jpg,1,0.356294211543417,50.217832548024646,50.71523498852241
plum,plum_240.jpg,2,0.5078833642358943,36.45376256819514,24.61726558155613
plum,plum_240.jpg,3,0.3731043762125334,54.81614349775785,54.68460388639761
plum,plum_064.jpg,1,0.2957650343407952,79.33543534551092,47.37859118211763
plum,plum_064.jpg,2,0.5075552477003898,83.43877285726667,53.90779096975475
plum,plum_017.jpg,1,0.1472942053847215,107.01856340125923,68.95428880915307
plum,plum_057.jpg,1,0.4399611920822645,82.60108096303979,52.597750723371725
plum,plum_057.jpg,2,0.3294889422292434,83.86371159615186,56.87255611875453
plum,plum_057.jpg,3,0.3307594347496364,89.82059975448647,53.91050447185363
plum,plum_057.jpg,4,0.5254239018923058,90.92553997726411,63.68382910193255
plum,plum_256.jpg,1,0.3868570343899647,61.97421638018201,63.34782608695652
plum,plum_256.jpg,2,0.35772690887330993,43.41136975112905,29.11824973575478
plum,plum_256.jpg,3,0.5052368371417846,66.08008658008659,65.11255411255411
plum,plum_133.jpg,1,0.26203071236990627,93.56576335548459,57.35096803889416
plum,plum_248.jpg,1,0.3920493581860759,61.71823416506718,61.258349328214976
plum,plum_248.jpg,2,0.8333232337503469,41.39250065668506,26.0095219332808
plum,plum_248.jpg,3,0.559228055658598,43.28507940657473,28.507831732130796
plum,plum_248.jpg,4,0.8199566390560776,43.98962270634321,27.929008315579686
plum,plum_075.jpg,1,0.23096222418808116,71.19096894454468,46.90332062756157
plum,plum_184.jpg,1,0.7967728629719559,51.69992285934687,31.90485986114682
plum,plum_184.jpg,2,0.38461052700424714,49.718600876874255,32.651963277862556
plum,plum_198.jpg,1,0.8587531375502875,77.74503657262278,38.8194678884334
plum,plum_198.jpg,2,0.693118626611597,73.40961982144648,38.953079546594445
plum,plum_198.jpg,3,0.8484378420685538,84.01896103896104,60.94926406926407
plum,plum_052.jpg,1,0.13729465202502047,73.2405308663501,49.259905026615115
plum,plum_120.jpg,1,0.36299196548955803,79.99673150625497,44.76153011786825
plum,plum_125.jpg,1,0.32880578749904504,81.37681976143514,48.59619298080837
plum,plum_132.jpg,1,0.18080132255632106,109.07653477841289,62.781797936307626
plum,plum_203.jpg,1,0.6596934629965652,52.79127625201939,30.158360258481423
plum,plum_147.jpg,1,0.42062915227764947,98.20699445671279,64.5166073279553
plum,plum_044.jpg,1,0.47106475876856874,120.34767025089604,122.3405017921147
plum,plum_044.jpg,2,0.22689800274322006,102.14374939572659,71.0384607947404
plum,plum_058.jpg,1,0.2711259713515656,82.60176966642203,51.09454837503635
plum,plum_183.jpg,1,0.8563895838782499,48.9488668902888,40.220731408001306
plum,plum_183.jpg,2,0.5647308649777898,50.42952986903671,31.36117644146263
plum,plum_014.jpg,1,0.13228273820556483,98.99478289003626,55.12380862508257
plum,plum_018.jpg,1,0.13810683397378082,105.52954614681694,50.74264860938635
plum,plum_258.jpg,1,0.41361781577367135,63.513157894736835,64.6986584107327
plum,plum_258.jpg,2,0.790660963585531,42.336532469151194,29.144023432631187
plum,plum_258.jpg,3,0.533076647741105,48.181894960743215,30.07188213581907
plum,plum_258.jpg,4,0.8007696594069191,47.08534322820037,30.60839689411118
plum,plum_258.jpg,5,0.8446391063458932,46.87276404778459,31.175083749446937
plum,plum_258.jpg,6,0.4573948468944472,68.64068441064639,69.48479087452472
plum,plum_188.jpg,1,0.5376730298835133,52.07143336577508,32.64214518240092
plum,plum_043.jpg,1,0.567056364061827,79.12042128809767,49.921101687016495
plum,plum_043.jpg,2,0.6586815972683807,80.07402330363263,49.88106277466436
plum,plum_139.jpg,1,0.4624230712505574,102.35258048032703,64.39503491739056
plum,plum_101.jpg,1,0.3616807780480476,68.07692307692308,42.3268138998066
plum,plum_175.jpg,1,0.21469678884018856,98.09347854843689,52.01481546805415
plum,plum_175.jpg,2,0.46954571909013665,95.87405282760392,61.69544929149364
plum,plum_074.jpg,1,0.17447650321282435,71.76343857411148,47.62692085090299
plum,plum_237.jpg,1,0.3364233790165597,48.56862156892155,50.60206989650517
plum,plum_237.jpg,2,0.48700075933098547,33.01355925683733,21.65872985344463
plum,plum_237.jpg,3,0.2097440414318306,54.312035661218424,54.35141158989599
plum,plum_102.jpg,1,0.5990824788039406,76.33665909683184,51.40944119727486
plum,plum_167.jpg,1,0.2191405243297615,84.77971486216852,49.43975655159345
plum,plum_229.jpg,1,0.2862884184346655,56.34170223449661,56.43371830278684
plum,plum_229.jpg,2,0.3418317126407389,37.549968287010685,24.95314609117078
plum,plum_229.jpg,3,0.3264156003849027,63.52193645990923,61.46142208774584
plum,plum_261.jpg,1,0.42044389865047815,60.07910888838372,61.07172084564674
plum,plum_261.jpg,2,0.37153865798167407,44.25608243114414,28.10232066132971
plum,plum_031.jpg,1,0.3407897055740017,77.67372561875102,44.068005245041796
plum,plum_142.jpg,1,0.2658928529068095,97.1972108747711,60.4737850401465
plum,plum_142.jpg,2,0.590926184319302,149.4698795180723,76.98967297762479
plum,plum_077.jpg,1,0.1852990713809728,78.42416758141236,47.191696395901936
plum,plum_009.jpg,1,0.1129829376739647,102.58133263014061,63.112359011854394
plum,plum_129.jpg,1,0.27209437178011775,76.09129726064943,55.64299006101871
plum,plum_067.jpg,1,0.5943422769548756,85.18137224464452,71.28078236572493
plum,plum_067.jpg,2,0.34988469813468537,85.18021533347786,51.807452368909125
plum,plum_070.jpg,1,0.20744007528838654,106.24316358277386,50.36734298941602
plum,plum_121.jpg,1,0.5571466201195283,86.94944241101051,57.06218026926947
plum,plum_056.jpg,1,0.47725818939221015,100.85160903088786,57.733136340551276
plum,plum_090.jpg,1,0.541529174516308,65.64362513962193,43.79656551359555
plum,plum_186.jpg,1,0.33966985140849126,107.15759312320917,118.46609360076408
plum,plum_186.jpg,2,0.3036196738385374,112.54877630216839,106.30648911376709
plum,plum_186.jpg,3,0.4948213835135243,115.16645406911711,110.73136173636597
plum,plum_186.jpg,4,0.6038972403049621,119.61120000000001,119.2592
plum,plum_041.jpg,1,0.499928491027818,102.08992805755396,102.55035971223022
plum,plum_041.jpg,2,0.2504470455752424,83.08473381318555,50.43288354019445
plum,plum_041.jpg,3,0.4759463745436858,86.09292892043882,53.06190651793122
plum,plum_041.jpg,4,0.5598781858306424,86.35031885453014,71.23992299362291
plum,plum_170.jpg,1,0.16576279071303535,82.65493003700907,48.14849306895619
plum,plum_244.jpg,1,0.33465011971774333,60.07555555555555,60.36618357487922
plum,plum_244.jpg,2,0.44386038698948943,41.81342410381874,27.819061801935963
plum,plum_244.jpg,3,0.8379334119427129,45.212771989510244,32.24629669005599
plum,plum_244.jpg,4,0.8532458132934414,47.311559752523614,27.545294692282646
plum,plum_059.jpg,1,0.4091216744627798,98.35345733741603,62.96599789771949
plum,plum_215.jpg,1,0.7922456775680432,44.03669489350783,28.572748267898383
plum,plum_215.jpg,2,0.7694030293417372,46.56057892097156,28.867951565522677
plum,plum_215.jpg,3,0.7924798445865092,51.461971197119716,32.9489198919892
plum,plum_011.jpg,1,0.2833376784140016,98.17020358996476,55.185476555180465
plum,plum_195.jpg,1,0.6659369609755189,72.52727979698756,37.73121316306484
plum,plum_108.jpg,1,0.3641857872326416,79.21356111956472,39.58860146631623
plum,plum_219.jpg,1,0.647927318922215,41.866230644530155,26.685393258426966
plum,plum_038.jpg,1,0.3489569953613859,98.94018058690745,101.57618510158012
plum,plum_038.jpg,2,0.4751214401293237,85.50522831926324,55.31672102839601
plum,plum_099.jpg,1,0.5067053267737855,78.47830076769847,48.83647798742138
plum,plum_210.jpg,1,0.34070957394031487,67.20124333925399,67.50994671403197
plum,plum_210.jpg,2,0.5320165625681373,52.0949085766239,33.467244166077386
plum,plum_086.jpg,1,0.22002759646723802,67.70137048716443,45.34567930840158
plum,plum_085.jpg,1,0.3039952970340278,68.69030546102739,39.61810281964026
plum,plum_048.jpg,1,0.5376584221559016,101.696802646086,104.0683572216097
plum,plum_048.jpg,2,0.3481589927758559,83.33882434541356,59.38220334084735
plum,plum_094.jpg,1,0.4706161547972253,67.2276686569943,38.72782158862721
plum,plum_016.jpg,1,0.4054800840260067,100.67339193928039,60.55348993610991
plum,plum_016.jpg,2,0.4047882126173629,99.83327735326225,59.921865815769586
plum,plum_016.jpg,3,0.5432257645333,106.60425350511558,65.50170519136036
plum,plum_153.jpg,1,0.2601048339312277,105.36323681189336,70.41705611540826
plum,plum_208.jpg,1,0.3765885449608247,69.74615161196631,68.96921289573046
plum,plum_208.jpg,2,0.6798455876479451,48.289184378599096,29.312742121243847
plum,plum_110.jpg,1,0.5486318050958167,81.24471166099025,42.15876601561595
plum,plum_164.jpg,1,0.20725090251325548,88.06697650728974,53.80984274527281
plum,plum_019.jpg,1,0.5130654920070177,113.32427536231884,48.28523238380809
plum,plum_019.jpg,2,0.21240385159927372,103.68168643340924,61.61267043269942
plum,plum_156.jpg,1,0.35002447898953476,133.8873268939835,67.3550331665309
plum,plum_128.jpg,1,0.1564721332031444,84.4288111823804,56.93750143688071
plum,plum_103.jpg,1,0.413576656056388,73.83487761993804,42.66007088833692
plum,plum_118.jpg,1,0.5873474834694106,93.67083231632903,61.20371003173054
plum,plum_118.jpg,2,0.6545323604744248,89.28799736688121,55.373134874195436
plum,plum_027.jpg,1,0.5331892901245577,96.57744107744108,97.02356902356902
plum,plum_027.jpg,2,0.19730674016637662,78.44110880213745,50.08303646529118
plum,plum_179.jpg,1,0.3217697690083767,100.34493944636678,94.32396193771626
plum,plum_179.jpg,2,0.45067222842125876,94.55736333209371,62.139364075864634
plum,plum_179.jpg,3,0.5152173929271622,112.309906291834,69.79424364123159
plum,plum_012.jpg,1,0.40214619750633607,111.14111773396505,60.9527739569005
plum,plum_012.jpg,2,0.5932975081303863,72.54934648195977,79.51185724348439
plum,plum_012.jpg,3,0.539598770156655,92.3172539750752,83.23264933390632
plum,plum_243.jpg,1,0.3293018957400998,59.60648648648649,59.847207207207205
plum,plum_243.jpg,2,0.3838210423921196,40.54627960865088,26.385186019567456
plum,plum_243.jpg,3,0.8438134723217163,50.49134101590163,40.85894547093286
plum,plum_021.jpg,1,0.14529565137749506,105.64879931389365,57.21195078506399
plum,plum_245.jpg,1,0.42144685710404134,58.30553745928339,58.200651465798046
plum,plum_245.jpg,2,0.3638820009206115,36.63710392764182,25.288865622591576
plum,plum_165.jpg,1,0.23395607573474733,84.47421729944298,52.52456623343364
plum,plum_096.jpg,1,0.24821538877529994,65.80183165399515,38.44568315090858
plum,plum_037.jpg,1,0.5107738741217734,97.53109713487072,99.3319357092942
plum,plum_037.jpg,2,0.5632708945993553,85.11588613406795,52.91533516988062
plum,plum_114.jpg,1,0.3654163457936053,99.93545787754753,50.049560021107574
plum,plum_114.jpg,2,0.45521129683899375,126.45954198473282,117.26259541984733
plum,plum_025.jpg,1,0.6123159728966534,103.57507455838494,50.51726313374627
plum,plum_025.jpg,2,0.32094934113557916,103.46518199367709,64.39722463139636
plum,plum_069.jpg,1,0.6360598477124852,109.8725121400725,67.13056562478627
plum,plum_069.jpg,2,0.17633127276266822,116.12925627240143,52.3692254082039
plum,plum_033.jpg,1,0.5070576477919818,95.7737556561086,96.00904977375566
plum,plum_033.jpg,2,0.6419510675397357,86.37159719268396,50.15243513398554
plum,plum_033.jpg,3,0.15549196285407016,81.45549066837646,46.08407992098012
plum,plum_106.jpg,1,0.5460165437115526,77.25792892625144,43.10713970782752
plum,plum_209.jpg,1,0.3947772739817044,68.89928970065957,68.94799594114662
plum,plum_209.jpg,2,0.45984867304920024,49.69709381195867,33.3393248460816
plum,plum_246.jpg,1,0.41596363834133226,57.60374379792513,56.84731619305368
plum,plum_246.jpg,2,0.8575703603068436,34.861243045189305,23.388383769846655
plum,plum_246.jpg,3,0.6173519671681275,36.99311431143114,23.614873987398738
plum,plum_246.jpg,4,0.835583690466179,39.23069292900666,24.952600255065892
plum,plum_034.jpg,1,0.4105195419102943,96.1476846057572,97.0538172715895
plum,plum_034.jpg,2,0.2381803759176315,81.32831275870242,49.68663955799493
plum,plum_193.jpg,1,0.6244877027654205,60.26954055587068,36.10523728493099
plum,plum_178.jpg,1,0.23642226331625962,92.91847675018862,56.71824908337636
plum,plum_259.jpg,1,0.349052648708028,66.03536637018212,68.75836509953409
plum,plum_259.jpg,2,0.8435415479311029,49.401802055469524,46.964522032943826
plum,plum_259.jpg,3,0.5057409204566412,48.96204484673936,35.53078927518344
plum,plum_259.jpg,4,0.8446376089107122,41.65163958995264,31.41502308015107
plum,plum_259.jpg,5,0.1618841205571595,70.29353431178104,59.67274890916303
plum,plum_130.jpg,1,0.2327930581665947,97.64536721021362,65.83758901108162
plum,plum_249.jpg,1,0.40171897565171827,61.70585523282619,61.07491931765791
plum,plum_249.jpg,2,0.57571738996938,41.13125899759258,25.10955589697681
plum,plum_185.jpg,1,0.4024338229434496,104.83923154701719,118.06976744186046
plum,plum_185.jpg,2,0.2881918558460105,111.94413597545993,104.76512149935255
plum,plum_185.jpg,3,0.2500492351755219,112.46110987296635,108.53804323601516
plum,plum_254.jpg,1,0.3931567022759614,65.4352365415987,67.19641109298531
plum,plum_254.jpg,2,0.23354362837658188,47.38076830494315,30.865001486767767
plum,plum_254.jpg,3,0.4265260882818365,69.92401628222524,70.18046132971506
plum,plum_213.jpg,1,0.14267859238530575,95.7525815778604,91.84162019826519
plum,plum_213.jpg,2,0.1857013064283226,92.70258662667264,85.93720418379073
plum,plum_065.jpg,1,0.214701283400977,80.09390749502951,52.798452599294116
plum,plum_144.jpg,1,0.16670385456309367,91.23093433834495,56.42732476117538
plum,plum_003.jpg,1,0.12733239292528548,79.27008133230053,53.89725019364833
plum,plum_236.jpg,1,0.34801973252345475,49.22788682131022,49.39077236808565
plum,plum_236.jpg,2,0.5286184502873493,28.99612150334649,20.038098506950405
plum,plum_236.jpg,3,0.37616558487002005,52.059463379260336,51.943437273386515
